datetime,R,mean_corr,index
2010-05-03 09:31:00-04:00,0.4555254609341488,,1.0000499946982442
2010-05-03 09:32:00-04:00,0.07077628223806932,,1.0005999257365459
2010-05-03 09:33:00-04:00,0.09756609396418271,,1.0007660733195647
2010-05-03 09:34:00-04:00,0.3243710605258563,,1.000403176900374
2010-05-03 09:35:00-04:00,0.40138883997851715,,1.0012227922579788
2010-05-03 09:36:00-04:00,0.4348286808776186,,1.001807312359224
2010-05-03 09:37:00-04:00,0.33435521445839755,,1.0021705417169442
2010-05-03 09:38:00-04:00,0.3555906371389351,,1.0021866982602574
2010-05-03 09:39:00-04:00,0.21120172537581727,,1.0022558748792436
2010-05-03 09:40:00-04:00,0.5624196501600823,,1.0023830060926346
2010-05-03 09:41:00-04:00,0.2164410043791632,,1.0020160932348376
2010-05-03 09:42:00-04:00,0.20384359952822037,,1.0016690905589078
2010-05-03 09:43:00-04:00,0.31391075105714894,,1.0011662601748252
2010-05-03 09:44:00-04:00,0.3501893886607234,,1.0015094290972606
2010-05-03 09:45:00-04:00,0.22498444248237984,,1.001812087428694
2010-05-03 09:46:00-04:00,0.23869764528483095,,1.0018423136975299
2010-05-03 09:47:00-04:00,0.3398406513842341,,1.0013070771674302
2010-05-03 09:48:00-04:00,0.3867214598437864,,1.0017450594819988
2010-05-03 09:49:00-04:00,0.2742185836489106,,1.0017122628872093
2010-05-03 09:50:00-04:00,0.23421981735895625,,1.0016762415557596
2010-05-03 09:51:00-04:00,0.08110725140513501,,1.0017184280732738
2010-05-03 09:52:00-04:00,0.33253352462984237,,1.0019806683193324
2010-05-03 09:53:00-04:00,0.26025255785050133,,1.0020821115057679
2010-05-03 09:54:00-04:00,0.5180952351257531,,1.0026394026083036
2010-05-03 09:55:00-04:00,0.4854889225828525,,1.0025595366147895
2010-05-03 09:56:00-04:00,0.36746842610263164,,1.0027646786289464
2010-05-03 09:57:00-04:00,0.511787614320268,,1.0027400720350932
2010-05-03 09:58:00-04:00,0.13443873168862272,,1.0025983209989164
2010-05-03 09:59:00-04:00,0.40268596960486674,,1.002646321618785
2010-05-03 10:00:00-04:00,0.28651902370547544,0.08122543511035872,1.0023346378665121
2010-05-03 10:01:00-04:00,0.19999056452067432,0.09345013635629394,1.0021696307951489
2010-05-03 10:02:00-04:00,0.5788384820330466,0.11214822525904074,1.0016930046008654
2010-05-03 10:03:00-04:00,0.3116729634712683,0.11525432659355869,1.0016622356441303
2010-05-03 10:04:00-04:00,0.5104629203925146,0.11803813266505035,1.0015120450093886
2010-05-03 10:05:00-04:00,0.5632100444954689,0.10883328872092303,1.0016625981325722
2010-05-03 10:06:00-04:00,0.5563346583442157,0.09321312784017007,1.0019084415991226
2010-05-03 10:07:00-04:00,0.5495532825543139,0.11229626952071137,1.002634669143175
2010-05-03 10:08:00-04:00,0.28211364159889246,0.1115462757579885,1.0026555284149188
2010-05-03 10:09:00-04:00,0.32682608530011215,0.11371434186575075,1.0029690738574664
2010-05-03 10:10:00-04:00,0.3430977533024643,0.11850724941656846,1.0033374328539353
2010-05-03 10:11:00-04:00,0.4605673195764519,0.11592281735292294,1.003498152341488
2010-05-03 10:12:00-04:00,0.2803891756106424,0.11595901185822798,1.003201618640749
2010-05-03 10:13:00-04:00,0.6096488820638188,0.12290177698919436,1.0038296936865712
2010-05-03 10:14:00-04:00,0.5572098688243898,0.13088104153631913,1.0038268696077057
2010-05-03 10:15:00-04:00,0.246649664911807,0.1359939437437228,1.0040467861997977
2010-05-03 10:16:00-04:00,0.4131742467840069,0.14414623754810538,1.0040183359786656
2010-05-03 10:17:00-04:00,0.3436864722420733,0.13424799055442285,1.0037046165328218
2010-05-03 10:18:00-04:00,0.11751994700326517,0.13203021789246933,1.0036743391496303
2010-05-03 10:19:00-04:00,0.24881399128446208,0.13562110072138195,1.0037032767009522
2010-05-03 10:20:00-04:00,0.4788325128757751,0.13953313464050066,1.0040063932250771
2010-05-03 10:21:00-04:00,0.3978401101163625,0.14599029098894253,1.0038256267488768
2010-05-03 10:22:00-04:00,0.3015650882093832,0.1489636612523425,1.0039274574278687
2010-05-03 10:23:00-04:00,0.5353832438483066,0.15269280057397797,1.0041400914742606
2010-05-03 10:24:00-04:00,0.1874774134895691,0.13579351810911428,1.004079674065065
2010-05-03 10:25:00-04:00,0.5660808081331622,0.1369516918720312,1.0042623879683028
2010-05-03 10:26:00-04:00,0.7161091238634298,0.16723944642808317,1.0037101331115899
2010-05-03 10:27:00-04:00,0.40613466874638876,0.1737539998870049,1.0035156839235078
2010-05-03 10:28:00-04:00,0.27872502653708175,0.17559153841936442,1.0036237119237463
2010-05-03 10:29:00-04:00,0.3172626433158002,0.18200555931746448,1.003502360744179
2010-05-03 10:30:00-04:00,0.2949147634664172,0.18687707010589857,1.0032260130756976
2010-05-03 10:31:00-04:00,0.28201877168442707,0.19581924415973667,1.0028880005613026
2010-05-03 10:32:00-04:00,0.46951235277010067,0.17961795501902808,1.002648916864818
2010-05-03 10:33:00-04:00,0.47039857542837654,0.18010246562275384,1.0025868349032148
2010-05-03 10:34:00-04:00,0.3429455599394617,0.17790733672643413,1.0028292292867182
2010-05-03 10:35:00-04:00,0.5452606540745699,0.1810731997867109,1.003009168927639
2010-05-03 10:36:00-04:00,0.7282301865738159,0.19659343379790048,1.0034385931460212
2010-05-03 10:37:00-04:00,0.5321186848639754,0.19585095386660548,1.0027164633381782
2010-05-03 10:38:00-04:00,0.7310928775628822,0.20580435435678532,1.0030572915594245
2010-05-03 10:39:00-04:00,0.5351473039530766,0.20984938152059926,1.0033930366078316
2010-05-03 10:40:00-04:00,0.20076118096013323,0.2074833298899271,1.0035073686456182
2010-05-03 10:41:00-04:00,0.39279440169383056,0.20933771001788354,1.0036792575512596
2010-05-03 10:42:00-04:00,0.4057648405175408,0.2078304670815632,1.0036277873389083
2010-05-03 10:43:00-04:00,0.13265495363578836,0.18165655711565523,1.003461204614454
2010-05-03 10:44:00-04:00,0.2346770183399622,0.18336667748216684,1.0035386413404261
2010-05-03 10:45:00-04:00,0.6788986875449288,0.18539241436747977,1.0034124863555982
2010-05-03 10:46:00-04:00,0.728152817028425,0.23633280357894154,1.0024656427665337
2010-05-03 10:47:00-04:00,0.5901982751768012,0.24044439684710542,1.0020268656199236
2010-05-03 10:48:00-04:00,0.5897981453376603,0.24241329225553512,1.0022459946492601
2010-05-03 10:49:00-04:00,0.2748003062529172,0.24638058172678823,1.0024217537206614
2010-05-03 10:50:00-04:00,0.16533373461867037,0.24259658902420628,1.0024825985852044
2010-05-03 10:51:00-04:00,0.3642822792789052,0.23796844824358923,1.0022515451109018
2010-05-03 10:52:00-04:00,0.6183798345229338,0.25316322311067446,1.0016426137709693
2010-05-03 10:53:00-04:00,0.5835470861420424,0.250906280205197,1.0016417537463105
2010-05-03 10:54:00-04:00,0.5691782471021742,0.2719298471562505,1.0020378832931118
2010-05-03 10:55:00-04:00,0.2687675628258118,0.2636398843990462,1.001986172620083
2010-05-03 10:56:00-04:00,0.38218273579660567,0.2509440202956743,1.0015825862976246
2010-05-03 10:57:00-04:00,0.4978959869548637,0.24407691895153097,1.0015371904166483
2010-05-03 10:58:00-04:00,0.47483017598490784,0.24957335117696391,1.001851859340133
2010-05-03 10:59:00-04:00,0.16665395980797734,0.24443375439136283,1.0019152514301857
2010-05-03 11:00:00-04:00,0.4783001901118493,0.23797940843301765,1.0018911352283972
2010-05-03 11:01:00-04:00,0.49528778505489035,0.24385173363952986,1.0024092013800463
2010-05-03 11:02:00-04:00,0.29394001589638724,0.2471879095920212,1.0021355794428812
2010-05-03 11:03:00-04:00,0.48788481637373937,0.25579086430555625,1.0024842367170343
2010-05-03 11:04:00-04:00,0.4213847642090213,0.25470831495961177,1.0023572436093833
2010-05-03 11:05:00-04:00,0.17247022659711628,0.25497356300429874,1.0021617866346162
2010-05-03 11:06:00-04:00,0.3280304297376178,0.24070101599106936,1.0021576946575876
2010-05-03 11:07:00-04:00,0.37927640797621626,0.2224355598823342,1.0024878073913845
2010-05-03 11:08:00-04:00,0.48679870277878967,0.2146595456894121,1.0021882275797545
2010-05-03 11:09:00-04:00,0.6947924754192089,0.21100813437391575,1.0019084914735692
2010-05-03 11:10:00-04:00,0.4974134493636961,0.22686644638866799,1.0023264667626484
2010-05-03 11:11:00-04:00,0.34368736827987406,0.22173729014153873,1.0021988067821954
2010-05-03 11:12:00-04:00,0.7557197227601091,0.25196579232455174,1.0028299768148867
2010-05-03 11:13:00-04:00,0.4282850823627946,0.2591190012330456,1.002528626915977
2010-05-03 11:14:00-04:00,0.6258532976713548,0.2664879424525291,1.0027893777026893
2010-05-03 11:15:00-04:00,0.6336995545744667,0.27634714278802625,1.0032515218222717
2010-05-03 11:16:00-04:00,0.39776161479551575,0.215705137527552,1.0033520586592852
2010-05-03 11:17:00-04:00,0.032926041840974286,0.2026571700481003,1.0033451687348853
2010-05-03 11:18:00-04:00,0.3493327920411654,0.20604311405906492,1.003514411926315
2010-05-03 11:19:00-04:00,0.2062626218024893,0.20535182058360107,1.0036598749580057
2010-05-03 11:20:00-04:00,0.48996132489270033,0.20883518711053337,1.0040228829999511
2010-05-03 11:21:00-04:00,0.5099596052577073,0.20950022625326983,1.0040396470141102
2010-05-03 11:22:00-04:00,0.2615933549360947,0.19044561502435337,1.0038566599444485
2010-05-03 11:23:00-04:00,0.4277332894949773,0.19690316551014683,1.0036255141490604
2010-05-03 11:24:00-04:00,0.6527603371279334,0.2020141832501686,1.0040829188912477
2010-05-03 11:25:00-04:00,0.6433711228191842,0.20578344120764652,1.0042462267112438
2010-05-03 11:26:00-04:00,0.19166702106443367,0.19616925511740552,1.0040257791510034
2010-05-03 11:27:00-04:00,0.07376623227627059,0.20494517943001178,1.0037789791286778
2010-05-03 11:28:00-04:00,0.4642635259863695,0.20272313691034868,1.003952526051635
2010-05-03 11:29:00-04:00,0.35409496353133485,0.20275879224195753,1.004206070553934
2010-05-03 11:30:00-04:00,0.3059584236485587,0.20534507738224872,1.0043650086809819
2010-05-03 11:31:00-04:00,0.42891307777947557,0.20791740871831382,1.0041203090149493
2010-05-03 11:32:00-04:00,0.5307549608983059,0.1958238244187988,1.004184302963455
2010-05-03 11:33:00-04:00,0.42402375979379964,0.19203103638706562,1.0043035085742842
2010-05-03 11:34:00-04:00,0.4646273923024964,0.20134938391276397,1.0040328917444479
2010-05-03 11:35:00-04:00,0.5305195513433779,0.19994325138736566,1.0043092917793854
2010-05-03 11:36:00-04:00,0.2167358481970646,0.20881875674630504,1.0041003221031406
2010-05-03 11:37:00-04:00,0.5556519957240719,0.20830225920027556,1.0044162103880139
2010-05-03 11:38:00-04:00,0.4812723386298709,0.20472050854643775,1.0045327225950058
2010-05-03 11:39:00-04:00,0.4047218169653426,0.20810326156242065,1.0042516187347317
2010-05-03 11:40:00-04:00,0.22540455485276398,0.20087690106800182,1.0041597648330975
2010-05-03 11:41:00-04:00,0.23244034877389744,0.19620728324837095,1.004253958747388
2010-05-03 11:42:00-04:00,0.09564945765953635,0.1660942864605578,1.0042121027071458
2010-05-03 11:43:00-04:00,0.519412648450334,0.1633896386171391,1.0040151250256357
2010-05-03 11:44:00-04:00,0.6715197989133629,0.16647173747763805,1.0043039393486917
2010-05-03 11:45:00-04:00,0.5536857614356075,0.15764681042873568,1.0045735569573058
2010-05-03 11:46:00-04:00,0.7117877984356057,0.18563870377650865,1.0051057434495079
2010-05-03 11:47:00-04:00,0.7160827673775568,0.18971157981362605,1.0052616767082927
2010-05-03 11:48:00-04:00,0.3697603286269723,0.20137980666913827,1.0049823509040632
2010-05-03 11:49:00-04:00,0.21790244494543967,0.20415607485770962,1.0050424054800253
2010-05-03 11:50:00-04:00,0.3539676705240568,0.19665431291859284,1.0050971916765572
2010-05-03 11:51:00-04:00,0.5840687239880195,0.2092518391725518,1.0055138025435717
2010-05-03 11:52:00-04:00,0.5233342133982221,0.2225970551051774,1.0050144250541273
2010-05-03 11:53:00-04:00,0.6309455764318805,0.2200868885319741,1.0052929131416832
2010-05-03 11:54:00-04:00,0.5872123883845182,0.20460131617386784,1.0053601689134652
2010-05-03 11:55:00-04:00,0.561454701681771,0.20761370955798925,1.005167169838879
2010-05-03 11:56:00-04:00,0.6365534281761815,0.22593731229269917,1.0057751870715903
2010-05-03 11:57:00-04:00,0.34202295930747495,0.22777614504287802,1.0057722166721983
2010-05-03 11:58:00-04:00,0.5660770382930709,0.22471306248433806,1.0057472520597996
2010-05-03 11:59:00-04:00,0.4021802731510449,0.2435266033978461,1.00537943838562
2010-05-03 12:00:00-04:00,0.36627073376961433,0.24403099631125996,1.0055117193981435
2010-05-03 12:01:00-04:00,0.6357363659594082,0.28115318017442026,1.0048392218297
2010-05-03 12:02:00-04:00,0.7337454857071349,0.28395979167646146,1.0048890125283514
2010-05-03 12:03:00-04:00,0.45987830844231603,0.28448004789582587,1.0051182794740607
2010-05-03 12:04:00-04:00,0.33868683864158544,0.28469302490709114,1.0052929138895836
2010-05-03 12:05:00-04:00,0.26076840678453456,0.2776630017110706,1.005316234251912
2010-05-03 12:06:00-04:00,0.10537379203733373,0.2727344445473002,1.0052094467949804
2010-05-03 12:07:00-04:00,0.3978628786974971,0.27151246187443084,1.005053166435383
2010-05-03 12:08:00-04:00,0.5206985450593075,0.28100083701572287,1.005349504679817
2010-05-03 12:09:00-04:00,0.38205314811257296,0.2811356826454555,1.0050200363889472
2010-05-03 12:10:00-04:00,0.7630292198434017,0.2896761940286592,1.0051805031518686
2010-05-03 12:11:00-04:00,0.4330816090181261,0.3030600686646513,1.005340977189925
2010-05-03 12:12:00-04:00,0.37154528141520227,0.30405320378813294,1.0055329343766244
2010-05-03 12:13:00-04:00,0.48440503800682894,0.3115684734277008,1.0051862153630746
2010-05-03 12:14:00-04:00,0.7621469344778167,0.3074162015863598,1.0050529549873055
2010-05-03 12:15:00-04:00,0.4365932495427685,0.3015187987930868,1.0050605287995424
2010-05-03 12:16:00-04:00,0.8067416716965621,0.2845445853714901,1.0054240648476338
2010-05-03 12:17:00-04:00,0.3220839997343935,0.283569334240177,1.005512056371014
2010-05-03 12:18:00-04:00,0.8357405037273595,0.2794840088928391,1.0056682320094075
2010-05-03 12:19:00-04:00,0.5825938875137754,0.29623112160519477,1.0061734592797422
2010-05-03 12:20:00-04:00,0.7217338331018832,0.29492000857378,1.0063284388698952
2010-05-03 12:21:00-04:00,0.9024599515360546,0.4093791887864185,1.007666385787411
2010-05-03 12:22:00-04:00,0.5881407991193911,0.3830139197828292,1.007805966927497
2010-05-03 12:23:00-04:00,0.6517496105182929,0.39134152569641656,1.00832775628977
2010-05-03 12:24:00-04:00,0.44378647885721045,0.3931637424956311,1.0082354004232927
2010-05-03 12:25:00-04:00,0.7834945113753584,0.42496671721161244,1.0091473684795258
2010-05-03 12:26:00-04:00,0.8855140880702164,0.41635944871083613,1.0093369502919232
2010-05-03 12:27:00-04:00,0.18836027148433107,0.4153800703496448,1.0091143809758483
2010-05-03 12:28:00-04:00,0.6369750446394754,0.4129529263516231,1.0094808974751275
2010-05-03 12:29:00-04:00,0.17654739166052172,0.3920123742631747,1.009473666623633
2010-05-03 12:30:00-04:00,0.767610772444975,0.39634515137400644,1.0099129763149122
2010-05-03 12:31:00-04:00,0.3406253150904367,0.36408865609524904,1.0096931916852925
2010-05-03 12:32:00-04:00,0.6162814650594457,0.3610947857937432,1.0098906612763752
2010-05-03 12:33:00-04:00,0.6361387593113709,0.3967480091885015,1.0093221444294362
2010-05-03 12:34:00-04:00,0.6454088765177544,0.39637220389067074,1.0097624716281814
2010-05-03 12:35:00-04:00,0.5946683080626741,0.39784762100104726,1.0097309442020233
2010-05-03 12:36:00-04:00,0.20711739690067324,0.393347788817076,1.009726931581312
2010-05-03 12:37:00-04:00,0.28993754945230893,0.39435562998572016,1.0095204281875432
2010-05-03 12:38:00-04:00,0.7480731183772381,0.4013422271162453,1.010204101993335
2010-05-03 12:39:00-04:00,0.6884788360032144,0.4048216162334497,1.0098431615412398
2010-05-03 12:40:00-04:00,0.5447113283458144,0.40347645914770813,1.0100177772923453
2010-05-03 12:41:00-04:00,0.8352342324196507,0.40310167427286026,1.0101902437858221
2010-05-03 12:42:00-04:00,0.4599530719814659,0.41931128659188066,1.0098044573474363
2010-05-03 12:43:00-04:00,0.02965189057529884,0.40738524228974216,1.0097358225833468
2010-05-03 12:44:00-04:00,0.3252812217082676,0.40076444227120284,1.0098261612053197
2010-05-03 12:45:00-04:00,0.19822168105414154,0.40802209429950265,1.009687277478476
2010-05-03 12:46:00-04:00,0.7059388259449292,0.41027637177500315,1.0098145806939633
2010-05-03 12:47:00-04:00,0.7769882772758362,0.42044911269901736,1.0105065307027352
2010-05-03 12:48:00-04:00,0.5031041450854463,0.4143310511469945,1.0103648997927546
2010-05-03 12:49:00-04:00,0.40199120027265617,0.4226071887958386,1.0100896676594846
2010-05-03 12:50:00-04:00,0.25912520802630445,0.422909863683,1.0100688277724972
2010-05-03 12:51:00-04:00,0.34649428872130883,0.3334035892930804,1.010066932966019
2010-05-03 12:52:00-04:00,0.38417711158322565,0.34743889938889105,1.0097878764707822
2010-05-03 12:53:00-04:00,0.4504205541857767,0.3301496476710375,1.0098323281773287
2010-05-03 12:54:00-04:00,0.5168896639565793,0.3321246338154262,1.0101914312300817
2010-05-03 12:55:00-04:00,0.5298557764085792,0.287273869734004,1.0104469467083321
2010-05-03 12:56:00-04:00,0.5874692789648005,0.2911351748849598,1.0108289577129819
2010-05-03 12:57:00-04:00,0.6506987760735121,0.2910066871169547,1.010772270651088
2010-05-03 12:58:00-04:00,0.24609539940907801,0.2847772245920725,1.0108743875006883
2010-05-03 12:59:00-04:00,0.7213902012967875,0.2894173327481583,1.0111941186137892
2010-05-03 13:00:00-04:00,0.7638290749534475,0.28181291837851913,1.0110979411581043
2010-05-03 13:01:00-04:00,0.7051265312589239,0.312280821524086,1.0105016601992427
2010-05-03 13:02:00-04:00,0.5926448200339796,0.3198817511354277,1.010176607493102
2010-05-03 13:03:00-04:00,0.3245912436910494,0.28737986025639634,1.0102343045340796
2010-05-03 13:04:00-04:00,0.4107000813605713,0.26849781978532344,1.0104054102715982
2010-05-03 13:05:00-04:00,0.35497134609173764,0.2692376427817187,1.0103232367086643
2010-05-03 13:06:00-04:00,0.34723237773077914,0.2728359107765057,1.0104399592296707
2010-05-03 13:07:00-04:00,0.6014419998847633,0.2655498305172744,1.0103805234664431
2010-05-03 13:08:00-04:00,0.42072276440594036,0.24483332633506694,1.010038277321015
2010-05-03 13:09:00-04:00,0.18885322671535168,0.23349542545375454,1.0100736137323554
2010-05-03 13:10:00-04:00,0.06992016942763796,0.2346345501779406,1.010017207193369
2010-05-03 13:11:00-04:00,0.19628830273869852,0.23402565900047692,1.0099226638384562
2010-05-03 13:12:00-04:00,0.5066647925789085,0.22330188623373048,1.0101759237290429
2010-05-03 13:13:00-04:00,0.6029833164234387,0.22364949426660222,1.010202862695624
2010-05-03 13:14:00-04:00,0.23426120859466454,0.22736191658902877,1.0102604083708115
2010-05-03 13:15:00-04:00,0.5849284103058644,0.23014806236337018,1.010208213572368
2010-05-03 13:16:00-04:00,0.35811709938000946,0.2342593807332422,1.0099275563755397
2010-05-03 13:17:00-04:00,0.47311698589283024,0.20114294657913184,1.0101769621495116
2010-05-03 13:18:00-04:00,0.44072562482373034,0.20862830179555983,1.0101101875823604
2010-05-03 13:19:00-04:00,0.25993530253530633,0.20826316322162508,1.0098771481768516
2010-05-03 13:20:00-04:00,0.41341244366208707,0.20813461146749065,1.00985729703925
2010-05-03 13:21:00-04:00,0.4646472307713364,0.21744893799364717,1.0100363443577887
2010-05-03 13:22:00-04:00,0.5849849338468158,0.221431917014368,1.0103925008430228
2010-05-03 13:23:00-04:00,0.44082803332664927,0.22460439777842472,1.010350933637985
2010-05-03 13:24:00-04:00,0.29799533942204537,0.2144773703021271,1.0104499788931403
2010-05-03 13:25:00-04:00,0.5653209221663869,0.20569637794630985,1.0105108179137938
2010-05-03 13:26:00-04:00,0.1990507340820779,0.19372008310936964,1.0105107348775586
2010-05-03 13:27:00-04:00,0.36269350539774997,0.19724813071624672,1.0103093070388816
2010-05-03 13:28:00-04:00,0.2811515620394771,0.19407139270105872,1.0102466998608473
2010-05-03 13:29:00-04:00,0.1250115454647324,0.18179940565672176,1.0102323485398956
2010-05-03 13:30:00-04:00,0.5912383650403098,0.19010064530924364,1.010452550737378
2010-05-03 13:31:00-04:00,0.38530227297624375,0.14120242203005803,1.010425367941562
2010-05-03 13:32:00-04:00,0.8081420675954528,0.135177610742173,1.0106832245503745
2010-05-03 13:33:00-04:00,0.8406660535040698,0.1560270176994384,1.0110435166236216
2010-05-03 13:34:00-04:00,0.48000802824961913,0.1748734837553882,1.0107055580359119
2010-05-03 13:35:00-04:00,0.31381924834184627,0.17979803001218406,1.0105349263442769
2010-05-03 13:36:00-04:00,0.5057169776667904,0.18169281835936776,1.010436662402637
2010-05-03 13:37:00-04:00,0.45377903739869124,0.19362873012077927,1.0107174988452061
2010-05-03 13:38:00-04:00,0.33780376641272203,0.17009577029783515,1.0108363631918569
2010-05-03 13:39:00-04:00,0.6318605732171408,0.2146276302462139,1.0114663071283663
2010-05-03 13:40:00-04:00,0.5539764635891629,0.21364554090292784,1.0116851107796656
2010-05-03 13:41:00-04:00,0.6443440564457982,0.21325611942127776,1.0115567111657529
2010-05-03 13:42:00-04:00,0.4207224383204624,0.2096081512719294,1.0116561895530096
2010-05-03 13:43:00-04:00,0.7797943926180618,0.20715713154085044,1.0115270904023181
2010-05-03 13:44:00-04:00,0.5523777382982301,0.2373683514876035,1.0110472698919155
2010-05-03 13:45:00-04:00,0.381736992455443,0.23342303006245627,1.011167949079147
2010-05-03 13:46:00-04:00,0.35851215281805426,0.23132242382699977,1.0109449524133383
2010-05-03 13:47:00-04:00,0.5606471597944782,0.23654914385809162,1.0112346012437818
2010-05-03 13:48:00-04:00,0.47851460168909327,0.2397360406565563,1.0110560443094554
2010-05-03 13:49:00-04:00,0.24302838762232332,0.2299694000205156,1.011023357938524
2010-05-03 13:50:00-04:00,0.35295056525102986,0.2288627437542679,1.010830373281651
2010-05-03 13:51:00-04:00,0.32813112221862656,0.22615262872842914,1.0107835425686431
2010-05-03 13:52:00-04:00,0.5330893207616396,0.2193917796508366,1.0109849367693955
2010-05-03 13:53:00-04:00,0.3267274676990715,0.22336841088616205,1.0107935109346746
2010-05-03 13:54:00-04:00,0.10381647046591934,0.2211035936314953,1.0107712249157395
2010-05-03 13:55:00-04:00,0.10078572123094738,0.22421462281883567,1.0106741330344964
2010-05-03 13:56:00-04:00,0.5133034162576616,0.2287683446176266,1.0109391498143456
2010-05-03 13:57:00-04:00,0.7596126597007028,0.2229285357353756,1.0110681750763628
2010-05-03 13:58:00-04:00,0.2667231465976337,0.24055025578351844,1.0107528138420088
2010-05-03 13:59:00-04:00,0.557445509091853,0.2449066035577113,1.0109457944824853
2010-05-03 14:00:00-04:00,0.6672573471392929,0.2641638310082676,1.0104113685638332
2010-05-03 14:01:00-04:00,0.4613671317907258,0.2683442407376912,1.010184009852623
2010-05-03 14:02:00-04:00,0.28651163852577577,0.2613546880903867,1.0103177302564894
2010-05-03 14:03:00-04:00,0.12477870631146913,0.24654815543486247,1.010344929232119
2010-05-03 14:04:00-04:00,0.20081419693975344,0.23621998627626342,1.0104044697153827
2010-05-03 14:05:00-04:00,0.39470908209865496,0.24153428750154662,1.0101014583634103
2010-05-03 14:06:00-04:00,0.45122764078155914,0.2371869105406041,1.0099242841263325
2010-05-03 14:07:00-04:00,0.4400114352391625,0.23565365024012166,1.0101008370539861
2010-05-03 14:08:00-04:00,0.27756194295893155,0.23760618460519278,1.009986329160727
2010-05-03 14:09:00-04:00,0.2815976526782141,0.19697129022929802,1.0097564230058336
2010-05-03 14:10:00-04:00,0.4559787438056359,0.18701960759558353,1.0096574841264103
2010-05-03 14:11:00-04:00,0.47596449418399733,0.2005566584607716,1.009964377552415
2010-05-03 14:12:00-04:00,0.16285139197961393,0.19580417475577697,1.0099050197071429
2010-05-03 14:13:00-04:00,0.2503193391754892,0.2007011360214995,1.0097818212594478
2010-05-03 14:14:00-04:00,0.6014479570755399,0.1896911135442378,1.0099586557472475
2010-05-03 14:15:00-04:00,0.4079509658364164,0.1944108952971974,1.0101863064867629
2010-05-03 14:16:00-04:00,0.532511400617508,0.20316624098693548,1.0104821377285993
2010-05-03 14:17:00-04:00,0.6390271241090921,0.1829243503221026,1.0103939987668538
2010-05-03 14:18:00-04:00,0.30142314989297236,0.18186064139333025,1.010257235665578
2010-05-03 14:19:00-04:00,0.4467155665638752,0.18800672763772644,1.0104282317279691
2010-05-03 14:20:00-04:00,0.39785853270201665,0.18531213165240076,1.0105330326273918
2010-05-03 14:21:00-04:00,0.707788935513889,0.22021815046679094,1.0110533949733957
2010-05-03 14:22:00-04:00,0.5665970261524184,0.21120816388113792,1.011023059532785
2010-05-03 14:23:00-04:00,0.32651462132778414,0.2085957390932178,1.0111837264265668
2010-05-03 14:24:00-04:00,0.5426301146264314,0.20708125711296876,1.0111612047109986
2010-05-03 14:25:00-04:00,0.18292337278673385,0.2071915983625532,1.0109927750275012
2010-05-03 14:26:00-04:00,0.5726730200353549,0.20659459419973772,1.011230221724487
2010-05-03 14:27:00-04:00,0.502782999734723,0.20589422703323113,1.0110261032827053
2010-05-03 14:28:00-04:00,0.07662904684668846,0.1946752163973342,1.011021703512242
2010-05-03 14:29:00-04:00,0.4621936867673345,0.1945753093591628,1.0111590046260839
2010-05-03 14:30:00-04:00,0.36639699800263875,0.16178736714671568,1.0110863311689688
2010-05-03 14:31:00-04:00,0.390560939796023,0.1492547550434645,1.0109869123955024
2010-05-03 14:32:00-04:00,0.14092257889361587,0.15099302238693788,1.0108664504140303
2010-05-03 14:33:00-04:00,0.5049457598846625,0.15303841480616895,1.0109950219583388
2010-05-03 14:34:00-04:00,0.46874714136896134,0.17062561523906658,1.01066091938831
2010-05-03 14:35:00-04:00,0.338697437985504,0.16654255367210324,1.0104365012281962
2010-05-03 14:36:00-04:00,0.5171420401208171,0.16856625831170777,1.0106605067293346
2010-05-03 14:37:00-04:00,0.5537125243553024,0.17270332341313796,1.0104945424458045
2010-05-03 14:38:00-04:00,0.1806425603675035,0.17501159357822807,1.0103032302719424
2010-05-03 14:39:00-04:00,0.2117490185749834,0.16460510416396132,1.010337063494049
2010-05-03 14:40:00-04:00,0.21164878894122094,0.16980019364125612,1.0101975554345866
2010-05-03 14:41:00-04:00,0.07770178938862056,0.16276351110779866,1.0100904607634462
2010-05-03 14:42:00-04:00,0.1867674380674958,0.1659490259097022,1.010030308946617
2010-05-03 14:43:00-04:00,0.15721263772660174,0.16876972654976385,1.0099176190648438
2010-05-03 14:44:00-04:00,0.22625883198977192,0.1606619246898133,1.0099003954136068
2010-05-03 14:45:00-04:00,0.186554472151801,0.15436321534365463,1.00982429375405
2010-05-03 14:46:00-04:00,0.3000608802867865,0.1400077274442562,1.0098909340478233
2010-05-03 14:47:00-04:00,0.07612965320385814,0.14425390601740082,1.00979712726562
2010-05-03 14:48:00-04:00,0.640193819243403,0.14518462741745705,1.0099143743799195
2010-05-03 14:49:00-04:00,0.5430335513296848,0.15085581020033365,1.0101203402761572
2010-05-03 14:50:00-04:00,0.3651427323515055,0.1523160783922972,1.0101989743188518
2010-05-03 14:51:00-04:00,0.2597973877190476,0.10279070355879943,1.010331451932841
2010-05-03 14:52:00-04:00,0.6095179953172504,0.13713404089529915,1.0107998731551953
2010-05-03 14:53:00-04:00,0.7025485106154888,0.1381224395771955,1.010918556953253
2010-05-03 14:54:00-04:00,0.6333742593712358,0.14104257264925132,1.0109217265392672
2010-05-03 14:55:00-04:00,0.6524022285895829,0.14197984154776583,1.010830394148383
2010-05-03 14:56:00-04:00,0.3324564890429722,0.1307793171828207,1.0108068143308588
2010-05-03 14:57:00-04:00,0.3263493654292835,0.13381839813918303,1.010644008475203
2010-05-03 14:58:00-04:00,0.2621274645158953,0.13729279015125553,1.0107112997464713
2010-05-03 14:59:00-04:00,0.6429185318413763,0.13515987746596686,1.0106397285698803
2010-05-03 15:00:00-04:00,0.40434982365173083,0.13478660574792659,1.010533025163246
2010-05-03 15:01:00-04:00,0.29758591638258003,0.15602172119381516,1.0101362929286584
2010-05-03 15:02:00-04:00,0.33397310771335514,0.15622438120571372,1.0102222453563923
2010-05-03 15:03:00-04:00,0.39556659572470526,0.15511412374582714,1.0100839320624317
2010-05-03 15:04:00-04:00,0.38023672710733053,0.1431400264063925,1.0101211430018247
2010-05-03 15:05:00-04:00,0.30129927813772206,0.1382763286637689,1.0101129549006946
2010-05-03 15:06:00-04:00,0.7416309818061116,0.1728674466435932,1.010599621106855
2010-05-03 15:07:00-04:00,0.9240214294904108,0.18917591992536278,1.0110094911925156
2010-05-03 15:08:00-04:00,0.7648375782619948,0.25181128154977656,1.0102137442203245
2010-05-03 15:09:00-04:00,0.36776590328269726,0.25415527025170404,1.0100519809513873
2010-05-03 15:10:00-04:00,0.5511592299616282,0.27254596189979946,1.0094788362035598
2010-05-03 15:11:00-04:00,0.36161688966501604,0.27992859544418647,1.0092047800132309
2010-05-03 15:12:00-04:00,0.42391133638339273,0.28281250846364286,1.0089011345536452
2010-05-03 15:13:00-04:00,0.4102807500463436,0.2806936132445789,1.0091592924491906
2010-05-03 15:14:00-04:00,0.4872489198682724,0.2936942441876105,1.0094469175135452
2010-05-03 15:15:00-04:00,0.6383495446005952,0.30275345783664886,1.0097832953146768
2010-05-03 15:16:00-04:00,0.5377207489698013,0.3004955172298317,1.0097868105760412
2010-05-03 15:17:00-04:00,0.556915905789704,0.2973509667988946,1.010033561705493
2010-05-03 15:18:00-04:00,0.8152703483564391,0.3073746768961263,1.0096108211026993
2010-05-03 15:19:00-04:00,0.4518793976691696,0.3037591771810652,1.0093715973337924
2010-05-03 15:20:00-04:00,0.49444171299393913,0.3099557055988067,1.0097775785548113
2010-05-03 15:21:00-04:00,0.46035290903820064,0.3115976796697574,1.0095747052875275
2010-05-03 15:22:00-04:00,0.41135408782197597,0.29810465368253003,1.0096759932253052
2010-05-03 15:23:00-04:00,0.6834929249175982,0.32786996476355657,1.008893852272332
2010-05-03 15:24:00-04:00,0.4072254621954204,0.31788103382853494,1.0088413928584936
2010-05-03 15:25:00-04:00,0.2489367342257477,0.31535251537589976,1.0086728945196717
2010-05-03 15:26:00-04:00,0.6231617885710361,0.31715266515801593,1.008818041060717
2010-05-03 15:27:00-04:00,0.4148381980492873,0.3223061865536881,1.0090235881307028
2010-05-03 15:28:00-04:00,0.5426380351632596,0.32480288975474536,1.0093142661217638
2010-05-03 15:29:00-04:00,0.6990973053370829,0.331899213947695,1.0088797672154135
2010-05-03 15:30:00-04:00,0.7138278003244459,0.3339912601635188,1.008764190098155
2010-05-03 15:31:00-04:00,0.8002198021753026,0.353062976370322,1.0092628076987227
2010-05-03 15:32:00-04:00,0.5040686443110218,0.3539538818216994,1.008918988565227
2010-05-03 15:33:00-04:00,0.5186558416901079,0.35322722355124353,1.008844270331373
2010-05-03 15:34:00-04:00,0.7557264124284253,0.3774409849105802,1.0095468816030038
2010-05-03 15:35:00-04:00,0.7792833715451097,0.3742511402470235,1.0096598050186947
2010-05-03 15:36:00-04:00,0.35158727594993633,0.35842156480263637,1.009684892462829
2010-05-03 15:37:00-04:00,0.5496749103021404,0.3499105748158981,1.0096335422985607
2010-05-03 15:38:00-04:00,0.224591826230672,0.3239586118836139,1.0095806734763462
2010-05-03 15:39:00-04:00,0.5783955254276484,0.32179705539693165,1.009456624341955
2010-05-03 15:40:00-04:00,0.3879994109405858,0.30685822141304503,1.0096463473891222
2010-05-03 15:41:00-04:00,0.74350270572803,0.3051317769595141,1.0093911056954565
2010-05-03 15:42:00-04:00,0.34436882111782985,0.30254083025385964,1.0090580962542632
2010-05-03 15:43:00-04:00,0.35231638807432203,0.30275578967725497,1.0088983742443702
2010-05-03 15:44:00-04:00,0.5968756745427682,0.30426807179591786,1.0092644509574802
2010-05-03 15:45:00-04:00,0.8337715199682783,0.32448087677218623,1.009881505056148
2010-05-03 15:46:00-04:00,0.7016750418702514,0.3282114061692315,1.0097309287988778
2010-05-03 15:47:00-04:00,0.6294654356991978,0.32479915875547005,1.0097931104809321
2010-05-03 15:48:00-04:00,0.715603118001494,0.3138672542406831,1.0099389769658786
2010-05-03 15:49:00-04:00,0.7617087876200539,0.3146833468771371,1.0097060545422156
2010-05-03 15:50:00-04:00,0.39581304813048496,0.30758521102614683,1.009712269112191
2010-05-03 15:51:00-04:00,0.7616632045432645,0.3128118825637392,1.0092761789539935
2010-05-03 15:52:00-04:00,0.13707922134400197,0.3135251631343853,1.00926594817427
2010-05-03 15:53:00-04:00,0.7694230891528415,0.28327813718784367,1.008881359644848
2010-05-03 15:54:00-04:00,0.1985287015036089,0.29090504332456135,1.0087035897967749
2010-05-03 15:55:00-04:00,0.6813115402577613,0.2914250670311608,1.0083987627478679
2010-05-03 15:56:00-04:00,0.1974785916951199,0.2814480234147848,1.0084253226098334
2010-05-03 15:57:00-04:00,0.7048299251732459,0.2728652334492434,1.0083013969193864
2010-05-03 15:58:00-04:00,0.21911116113624446,0.2621082353722515,1.0083548126583708
2010-05-03 15:59:00-04:00,0.6991195600858772,0.2614298344340737,1.0087896397050793
2010-05-04 09:30:00-04:00,0.7095304905441902,0.5167419008451146,0.9988256254916514
2010-05-04 09:31:00-04:00,0.7372851785728475,0.4951845760864963,0.9978986355317193
2010-05-04 09:32:00-04:00,0.13826892355917755,0.48817306740799615,0.9973188117903888
2010-05-04 09:33:00-04:00,0.6826750573380571,0.4743991702008834,0.9962693313861846
2010-05-04 09:34:00-04:00,0.3581145229829263,0.47336659359541283,0.9965501244458033
2010-05-04 09:35:00-04:00,0.35692319024685,0.4689425056796139,0.9970393275443953
2010-05-04 09:36:00-04:00,0.27237772135320754,0.4646286282671598,0.996545020887187
2010-05-04 09:37:00-04:00,0.3352085024965953,0.4618485909375663,0.995792510243276
2010-05-04 09:38:00-04:00,0.5249837585594499,0.45636801662934207,0.9951010232956016
2010-05-04 09:39:00-04:00,0.4210444730059439,0.4464544588822622,0.9954086303081633
2010-05-04 09:40:00-04:00,0.33971147629561055,0.44441316047643237,0.9948836959033891
2010-05-04 09:41:00-04:00,0.5423145349039313,0.4425827761505794,0.9947036126201293
2010-05-04 09:42:00-04:00,0.47848044051772715,0.4443216226107054,0.995572934420107
2010-05-04 09:43:00-04:00,0.20742405685851295,0.4405926794632871,0.9953736618528869
2010-05-04 09:44:00-04:00,0.49007383112445085,0.4387894564059848,0.9944009127805222
2010-05-04 09:45:00-04:00,0.6845381805744419,0.4262764284032652,0.9944822602457521
2010-05-04 09:46:00-04:00,0.7347848203912904,0.42960327402687926,0.9952990796629554
2010-05-04 09:47:00-04:00,0.6511589121273175,0.4327013684631514,0.9962131186761127
2010-05-04 09:48:00-04:00,0.1185997430011313,0.43101622835012826,0.9962671975067098
2010-05-04 09:49:00-04:00,0.5085953308242992,0.4301930107582549,0.9970608256242994
2010-05-04 09:50:00-04:00,0.4790916186934525,0.4273525401250507,0.9961783108249143
2010-05-04 09:51:00-04:00,0.4426636841990364,0.42864068522160353,0.9964306362072819
2010-05-04 09:52:00-04:00,0.45612678245148197,0.42608280641844193,0.995986967797814
2010-05-04 09:53:00-04:00,0.5695742424133633,0.4244655647039186,0.9959666384475782
2010-05-04 09:54:00-04:00,0.35327698127528256,0.42458614842050607,0.9961845244379555
2010-05-04 09:55:00-04:00,0.48622978372787895,0.42233447998148155,0.9958549100217267
2010-05-04 09:56:00-04:00,0.4643107218307838,0.4260674801168346,0.9961054173887096
2010-05-04 09:57:00-04:00,0.5620495214339662,0.4315443117575616,0.9969799724309201
2010-05-04 09:58:00-04:00,0.47640907678271077,0.4312312871075161,0.9972364792234136
2010-05-04 09:59:00-04:00,0.49314078970088243,0.42920872243103664,0.9972234815952442
2010-05-04 10:00:00-04:00,0.5901805313267521,0.17444846897323144,0.9964559903860387
2010-05-04 10:01:00-04:00,0.5914569480006283,0.18013852290769322,0.996601344523143
2010-05-04 10:02:00-04:00,0.3705169943939827,0.188216114330006,0.9967230897011332
2010-05-04 10:03:00-04:00,0.235291542049756,0.18411930983361988,0.9967080531781585
2010-05-04 10:04:00-04:00,0.7827671800605499,0.20382311059420588,0.9956515239174292
2010-05-04 10:05:00-04:00,0.7861429301555914,0.21933113257329553,0.9949021412369279
2010-05-04 10:06:00-04:00,0.4702722832356851,0.22802794967597897,0.99527112121149
2010-05-04 10:07:00-04:00,0.6144089201506314,0.2301465598734712,0.995789124540934
2010-05-04 10:08:00-04:00,0.6553646429869766,0.23499372348164785,0.9962499594015892
2010-05-04 10:09:00-04:00,0.7352316343217569,0.27667741751572994,0.9949415681637561
2010-05-04 10:10:00-04:00,0.8116922615093394,0.27755714131384995,0.9953822657315899
2010-05-04 10:11:00-04:00,0.5039427487484369,0.29052864352095414,0.9960105781393847
2010-05-04 10:12:00-04:00,0.26401018053113284,0.28467472589676057,0.996120304185062
2010-05-04 10:13:00-04:00,0.2905717408047516,0.2902037256570051,0.9964667162760624
2010-05-04 10:14:00-04:00,0.7311052611634185,0.27738697386613603,0.9963393499493757
2010-05-04 10:15:00-04:00,0.696774396566505,0.3087331728740044,0.9954670297362008
2010-05-04 10:16:00-04:00,0.530846778353223,0.29726739656421525,0.9953528498634124
2010-05-04 10:17:00-04:00,0.5220263750926024,0.28324630299619835,0.9958287244761127
2010-05-04 10:18:00-04:00,0.17666087017546184,0.288734485142539,0.9958046262111525
2010-05-04 10:19:00-04:00,0.6717655773615386,0.28795588169344855,0.9962375701441493
2010-05-04 10:20:00-04:00,0.7910755167548003,0.3136896468324691,0.9973465570528002
2010-05-04 10:21:00-04:00,0.6509434813700588,0.31327226991240587,0.9971411896953881
2010-05-04 10:22:00-04:00,0.42524877125013916,0.3138371943768574,0.9967535490028829
2010-05-04 10:23:00-04:00,0.3871390444996252,0.322480072661445,0.9963585296542271
2010-05-04 10:24:00-04:00,0.5309576202491609,0.3306674921425509,0.9967123294751937
2010-05-04 10:25:00-04:00,0.7297411373854747,0.34000580301944205,0.9975101823263418
2010-05-04 10:26:00-04:00,0.8447458592126033,0.3430124125106976,0.9975996496990501
2010-05-04 10:27:00-04:00,0.6216782450079584,0.3408186666964788,0.9972328324602295
2010-05-04 10:28:00-04:00,0.6561350859840427,0.34426019454000323,0.9967930020497863
2010-05-04 10:29:00-04:00,0.8279628178340026,0.38490424520614763,0.9955416018929946
2010-05-04 10:30:00-04:00,0.3967603376451668,0.38371732694623284,0.9954299041995657
2010-05-04 10:31:00-04:00,0.628549480926431,0.38493246894624583,0.9954637958508501
2010-05-04 10:32:00-04:00,0.48782781080412546,0.39505718659955946,0.9949391414248061
2010-05-04 10:33:00-04:00,0.5933659777081659,0.3950429743171439,0.9946523045858846
2010-05-04 10:34:00-04:00,0.9329875797736229,0.4612788093751578,0.9926287605683507
2010-05-04 10:35:00-04:00,0.8919102673944024,0.46415103890786186,0.9915732285057428
2010-05-04 10:36:00-04:00,0.5212927659507147,0.46231677521412146,0.9920672494621527
2010-05-04 10:37:00-04:00,0.8176744361846064,0.5010027762878445,0.9901801689510418
2010-05-04 10:38:00-04:00,0.8188318516156315,0.49484629248651046,0.990118729812312
2010-05-04 10:39:00-04:00,0.12772259119045684,0.48312371249922653,0.99026294589329
2010-05-04 10:40:00-04:00,0.5957482975252861,0.4789733251985838,0.9898286272435974
2010-05-04 10:41:00-04:00,0.5337092331017599,0.4737989713959255,0.9901592362272426
2010-05-04 10:42:00-04:00,0.05778712988550011,0.4790810060461298,0.989976115982906
2010-05-04 10:43:00-04:00,0.6389190192415187,0.47648880573964447,0.9895159834283276
2010-05-04 10:44:00-04:00,0.709752374976469,0.4869523192740511,0.9900989315837088
2010-05-04 10:45:00-04:00,0.5274361678956774,0.48237471949738303,0.9906723644752956
2010-05-04 10:46:00-04:00,0.2079450151374304,0.47974269708197176,0.9908455762303996
2010-05-04 10:47:00-04:00,0.20446891989103444,0.4848658455800954,0.9909082553170456
2010-05-04 10:48:00-04:00,0.13376351498437797,0.4848812508630665,0.9909184462647316
2010-05-04 10:49:00-04:00,0.2607287798832373,0.4736538250651049,0.9908799784976252
2010-05-04 10:50:00-04:00,0.39173914195981235,0.44872374725719055,0.9906094693322638
2010-05-04 10:51:00-04:00,0.4805031773321046,0.4552638575321209,0.9909818232350683
2010-05-04 10:52:00-04:00,0.49280538812712144,0.46190639748861173,0.9914365573629674
2010-05-04 10:53:00-04:00,0.6620402769745364,0.46633217904091545,0.9916449059131771
2010-05-04 10:54:00-04:00,0.5628265533453118,0.45919135999715466,0.9913565736386939
2010-05-04 10:55:00-04:00,0.36057506093049685,0.44353133726584404,0.9913352247050169
2010-05-04 10:56:00-04:00,0.5750401652539976,0.44124675650641965,0.991006343907472
2010-05-04 10:57:00-04:00,0.7192212215110612,0.4482980312344377,0.9900664784567522
2010-05-04 10:58:00-04:00,0.7128927620023937,0.467736219731233,0.988725579341646
2010-05-04 10:59:00-04:00,0.7016523597991601,0.4506702527893684,0.9882654414740306
2010-05-04 11:00:00-04:00,0.5993911059675086,0.45916049405889947,0.9886541893175947
2010-05-04 11:01:00-04:00,0.2805712596644031,0.4613088057451663,0.9884234060969999
2010-05-04 11:02:00-04:00,0.5951268079683841,0.46161195698064733,0.987631256741409
2010-05-04 11:03:00-04:00,0.7452941492611889,0.4572337713213525,0.9869791078039453
2010-05-04 11:04:00-04:00,0.58533027727927,0.39368258950733853,0.9868297827605812
2010-05-04 11:05:00-04:00,0.696000372924647,0.37357005005157307,0.9865015320147672
2010-05-04 11:06:00-04:00,0.6448548818799165,0.3809093328686951,0.9870491375469762
2010-05-04 11:07:00-04:00,0.41076588972079264,0.29750443815884275,0.9864880680193256
2010-05-04 11:08:00-04:00,0.8694362172648308,0.3168732632742634,0.9869527650465149
2010-05-04 11:09:00-04:00,0.6872251369638097,0.33025210011437245,0.9874450506754885
2010-05-04 11:10:00-04:00,0.7275412885470741,0.33206583528479205,0.9871822068773026
2010-05-04 11:11:00-04:00,0.7163184564032653,0.35048237697424794,0.9878573173087317
2010-05-04 11:12:00-04:00,0.2498966376663099,0.3489459886864399,0.9877290636661993
2010-05-04 11:13:00-04:00,0.41010288978500037,0.3460136444143639,0.9879050883374213
2010-05-04 11:14:00-04:00,0.32677017350969007,0.3334868543137986,0.9875835114882209
2010-05-04 11:15:00-04:00,0.36279543618597243,0.33098565920826034,0.9878294390545537
2010-05-04 11:16:00-04:00,0.3179958204608107,0.3317674416480799,0.9876615225894297
2010-05-04 11:17:00-04:00,0.40506051451952263,0.3343489120570587,0.9879093572533374
2010-05-04 11:18:00-04:00,0.44597116003712944,0.33774511857796735,0.9880526102715375
2010-05-04 11:19:00-04:00,0.5333890260581969,0.3476996884568538,0.9884155456340261
2010-05-04 11:20:00-04:00,0.2748290428985173,0.34570795238910346,0.9882022438945762
2010-05-04 11:21:00-04:00,0.689102877601954,0.3644681547934439,0.9889125905135652
2010-05-04 11:22:00-04:00,0.47830029388091433,0.3574078706116339,0.9889892303404824
2010-05-04 11:23:00-04:00,0.5039478531600704,0.35334397584847976,0.988922669247131
2010-05-04 11:24:00-04:00,0.6918973983134841,0.36729355036820627,0.9881483976787624
2010-05-04 11:25:00-04:00,0.5134038130651357,0.37637252997003917,0.988584763539288
2010-05-04 11:26:00-04:00,0.6689295252699933,0.38966095676093276,0.9878174554962519
2010-05-04 11:27:00-04:00,0.7756247458810034,0.3736787210739105,0.9877081884746869
2010-05-04 11:28:00-04:00,0.2174244322107926,0.33152316104362123,0.9875343646742017
2010-05-04 11:29:00-04:00,0.867541855326448,0.32581784586849794,0.9876102473712933
2010-05-04 11:30:00-04:00,0.6534010750685137,0.3417333741455538,0.9883312441019821
2010-05-04 11:31:00-04:00,0.3476841544955119,0.3398777397534202,0.9881754193285783
2010-05-04 11:32:00-04:00,0.729109565977817,0.32994055995996646,0.988806442251462
2010-05-04 11:33:00-04:00,0.5629391727588644,0.317839629298443,0.9891314833737872
2010-05-04 11:34:00-04:00,0.42407106056217125,0.3278008935870221,0.9886627961567706
2010-05-04 11:35:00-04:00,0.5219774345317418,0.32516769016816294,0.9889200495541197
2010-05-04 11:36:00-04:00,0.5688992300227402,0.3202501338785731,0.9892685895869036
2010-05-04 11:37:00-04:00,0.28754372821733537,0.31549138427117424,0.9889051126066501
2010-05-04 11:38:00-04:00,0.5243548397594564,0.30832401211325994,0.9888352461178714
2010-05-04 11:39:00-04:00,0.5332208491158009,0.3073919515337113,0.9893097894159313
2010-05-04 11:40:00-04:00,0.5583392063157059,0.30371623949257803,0.9897535928135417
2010-05-04 11:41:00-04:00,0.43478799388391515,0.28639479350859987,0.9900252911400731
2010-05-04 11:42:00-04:00,0.3171573484716882,0.28411630699161194,0.9900027428073926
2010-05-04 11:43:00-04:00,0.5955190799988959,0.28871209592822095,0.989982572302265
2010-05-04 11:44:00-04:00,0.6594595965193631,0.3117600090785408,0.9893022671398978
2010-05-04 11:45:00-04:00,0.7260604806889801,0.3154250966104321,0.9888748981192994
2010-05-04 11:46:00-04:00,0.7779772855392866,0.3302700494946427,0.9893896595084058
2010-05-04 11:47:00-04:00,0.5387663999638036,0.33306385102524794,0.9897017592644562
2010-05-04 11:48:00-04:00,0.15359374014986363,0.33458211101841845,0.9897029811311595
2010-05-04 11:49:00-04:00,0.5570482375067243,0.3339101100149506,0.989905747153214
2010-05-04 11:50:00-04:00,0.35207425723294716,0.3354137296660896,0.9897304870490952
2010-05-04 11:51:00-04:00,0.5358491363283084,0.3149657097422593,0.9900292884967004
2010-05-04 11:52:00-04:00,0.5907304410047738,0.3318949367275655,0.9892095101767423
2010-05-04 11:53:00-04:00,0.7829669949476644,0.35637586137225835,0.9900521879607534
2010-05-04 11:54:00-04:00,0.5681509031845359,0.33149314966096555,0.9900328722646983
2010-05-04 11:55:00-04:00,0.44337435284834803,0.33284493503043805,0.990287328881219
2010-05-04 11:56:00-04:00,0.5613848880541314,0.3132961810132067,0.9898549376247584
2010-05-04 11:57:00-04:00,0.6896679577024387,0.31539122429190347,0.9902317348289613
2010-05-04 11:58:00-04:00,0.6253961929649997,0.3107666886843759,0.9905365371777063
2010-05-04 11:59:00-04:00,0.19759944774890673,0.30942194902952525,0.990611798169672
2010-05-04 12:00:00-04:00,0.8072074348513635,0.29328028831216596,0.9905083776728587
2010-05-04 12:01:00-04:00,0.7325724046030007,0.3257052280581215,0.9897321113223352
2010-05-04 12:02:00-04:00,0.6898432770137455,0.3274563826605961,0.9903082201238308
2010-05-04 12:03:00-04:00,0.6976149039977475,0.3506397499555487,0.9897223555198962
2010-05-04 12:04:00-04:00,0.3488721117310082,0.34391026944063846,0.9898996732407717
2010-05-04 12:05:00-04:00,0.8643909332635682,0.3628783826786836,0.9893184619826102
2010-05-04 12:06:00-04:00,0.8454075364837422,0.38194431553356095,0.988634946440129
2010-05-04 12:07:00-04:00,0.3279153812874763,0.3770355052676906,0.9887332671809335
2010-05-04 12:08:00-04:00,0.4111777032550367,0.3795482386598716,0.9887577878238308
2010-05-04 12:09:00-04:00,0.5526517614925147,0.3731653428634765,0.9888201939393297
2010-05-04 12:10:00-04:00,0.8201384091574776,0.4106335274136473,0.9877881882888162
2010-05-04 12:11:00-04:00,0.803022705908998,0.41328288364714066,0.987849920228434
2010-05-04 12:12:00-04:00,0.5368096633065695,0.415172199763981,0.9878987517576646
2010-05-04 12:13:00-04:00,0.7069417967782872,0.4279674511810871,0.9883401348340333
2010-05-04 12:14:00-04:00,0.5187561033383057,0.41824649164052735,0.9886543340354582
2010-05-04 12:15:00-04:00,0.7962940422446257,0.4267143852403095,0.9892091609656501
2010-05-04 12:16:00-04:00,0.8429716100039306,0.43828302439865285,0.9883408834408606
2010-05-04 12:17:00-04:00,0.5319404827562648,0.4352803763233018,0.9881020888211555
2010-05-04 12:18:00-04:00,0.3977426688073869,0.4334899952502429,0.9878755964600574
2010-05-04 12:19:00-04:00,0.22999653910458492,0.4307735939714366,0.9878872272265836
2010-05-04 12:20:00-04:00,0.7117362305323643,0.43505193904042677,0.9874533107753116
2010-05-04 12:21:00-04:00,0.7182851624709664,0.44401246174676423,0.9867791721351484
2010-05-04 12:22:00-04:00,0.03325448166398,0.44688134230887644,0.9866760773322603
2010-05-04 12:23:00-04:00,0.5593037455577811,0.41518081757270964,0.9857894625722858
2010-05-04 12:24:00-04:00,0.7242503622395573,0.4111294282758749,0.9857485775840998
2010-05-04 12:25:00-04:00,0.5876253831048264,0.40570036185140596,0.9855383575840019
2010-05-04 12:26:00-04:00,0.5415262233654013,0.40428124500985185,0.9855533330069292
2010-05-04 12:27:00-04:00,0.6140576704946127,0.3990328894281808,0.9854840868536383
2010-05-04 12:28:00-04:00,0.6816157658667034,0.39684044117922784,0.98563463569939
2010-05-04 12:29:00-04:00,0.35434106157909223,0.40634399015456146,0.9856500223438842
2010-05-04 12:30:00-04:00,0.621595896181602,0.4096755593834739,0.9855411056023519
2010-05-04 12:31:00-04:00,0.8046055149607553,0.396289941249537,0.98593622070124
2010-05-04 12:32:00-04:00,0.6236522632780909,0.3967462543653142,0.9865484832774765
2010-05-04 12:33:00-04:00,0.27887560327659716,0.388174156851928,0.9865654468310656
2010-05-04 12:34:00-04:00,0.2670482548297905,0.3880949289960901,0.9866594779241641
2010-05-04 12:35:00-04:00,0.23697020430843913,0.37731122209441964,0.986547875861606
2010-05-04 12:36:00-04:00,0.7821343090992336,0.3667035782614437,0.9868816309760282
2010-05-04 12:37:00-04:00,0.7028736789610951,0.3802127882279393,0.9872654171581182
2010-05-04 12:38:00-04:00,0.6362403939385359,0.3899424639066439,0.9869180397182236
2010-05-04 12:39:00-04:00,0.795469178034825,0.43802240858767905,0.9878753023585016
2010-05-04 12:40:00-04:00,0.7017452810170759,0.3936976151455805,0.9875210025518304
2010-05-04 12:41:00-04:00,0.8223030609151469,0.3956121527381524,0.9878072257927245
2010-05-04 12:42:00-04:00,0.8983454717570916,0.3963606648509456,0.9879287810450953
2010-05-04 12:43:00-04:00,0.8463775329902242,0.41883111028724135,0.9869616385267669
2010-05-04 12:44:00-04:00,0.7267342403698509,0.4184742940367688,0.9873852831168288
2010-05-04 12:45:00-04:00,0.3542147462004739,0.40463318766198064,0.9872447725017904
2010-05-04 12:46:00-04:00,0.8903079536425375,0.3996468754932651,0.9879444799978464
2010-05-04 12:47:00-04:00,0.8710208692414461,0.43666833588540405,0.9888931985913735
2010-05-04 12:48:00-04:00,0.5278391459532566,0.4455109130484836,0.988295358579704
2010-05-04 12:49:00-04:00,0.7724084081954097,0.4618478017079201,0.9889803745610453
2010-05-04 12:50:00-04:00,0.8182517990291271,0.4588409779513212,0.9895071241108002
2010-05-04 12:51:00-04:00,0.44217264284788865,0.4472393049211576,0.989202220743223
2010-05-04 12:52:00-04:00,0.33677826926792787,0.4427735347929112,0.9892615073764619
2010-05-04 12:53:00-04:00,0.2646681225285668,0.42888347653732073,0.9892719058769447
2010-05-04 12:54:00-04:00,0.4082164171916613,0.4367429388466292,0.9890591434097046
2010-05-04 12:55:00-04:00,0.6707034621493557,0.45020439210726215,0.9885483589466124
2010-05-04 12:56:00-04:00,0.7901848500441931,0.4539325626143793,0.9890253289312957
2010-05-04 12:57:00-04:00,0.5138591399232773,0.4486622379839988,0.989338083053168
2010-05-04 12:58:00-04:00,0.40244872672166365,0.44894615788416153,0.9894429261451557
2010-05-04 12:59:00-04:00,0.2348452779863744,0.44562600875904723,0.989321093558174
2010-05-04 13:00:00-04:00,0.290283741833224,0.442213270421991,0.9895501369060411
2010-05-04 13:01:00-04:00,0.3367356627934017,0.4509556578384672,0.9896087198449361
2010-05-04 13:02:00-04:00,0.39187428807926095,0.446730513811868,0.9896862058171985
2010-05-04 13:03:00-04:00,0.5141685234460536,0.4500995228183859,0.9893097135925857
2010-05-04 13:04:00-04:00,0.629452194922818,0.45018908462883656,0.9892486087384359
2010-05-04 13:05:00-04:00,0.6178739092790827,0.44592154600773876,0.9895521699676427
2010-05-04 13:06:00-04:00,0.34683881574605274,0.4469222841222597,0.9893485045297109
2010-05-04 13:07:00-04:00,0.7286481237100941,0.4496743627276148,0.9898923845684433
2010-05-04 13:08:00-04:00,0.8193425451939751,0.4705109060413744,0.9890794751676081
2010-05-04 13:09:00-04:00,0.5819207341721614,0.44345561635549335,0.9890884124259898
2010-05-04 13:10:00-04:00,0.45249608298570965,0.43214809564240836,0.9890636400650511
2010-05-04 13:11:00-04:00,0.5008868153298206,0.43669730777587773,0.9886388296935901
2010-05-04 13:12:00-04:00,0.4778528392571248,0.43257007528017355,0.9887984690569814
2010-05-04 13:13:00-04:00,0.3796074434783663,0.3985644476446749,0.988743508477517
2010-05-04 13:14:00-04:00,0.6407563406292033,0.41391775518667084,0.9881034721212371
2010-05-04 13:15:00-04:00,0.7335200161002743,0.4122046316680515,0.988249499252413
2010-05-04 13:16:00-04:00,0.3876785555523987,0.3893924203436116,0.9884861515633315
2010-05-04 13:17:00-04:00,0.5671927964021228,0.35485597925064327,0.9889256270689414
2010-05-04 13:18:00-04:00,0.5428554109487044,0.33246959470172416,0.9885321251643447
2010-05-04 13:19:00-04:00,0.6222816659382675,0.30472303499362435,0.988334875227712
2010-05-04 13:20:00-04:00,0.6861004000563248,0.3148566793909994,0.9888963915526046
2010-05-04 13:21:00-04:00,0.4936142973336734,0.3123207268090051,0.9888164815787608
2010-05-04 13:22:00-04:00,0.4187842898682614,0.3228979642722538,0.9883955049140329
2010-05-04 13:23:00-04:00,0.3883983590445373,0.3311048301614623,0.988510223593041
2010-05-04 13:24:00-04:00,0.4802657569574703,0.3347249253008137,0.9881541346017587
2010-05-04 13:25:00-04:00,0.8561234203710824,0.32202234145006736,0.9883490799258035
2010-05-04 13:26:00-04:00,0.695796910481145,0.3210696551093611,0.988614639847511
2010-05-04 13:27:00-04:00,0.6729122842148567,0.3547052246962436,0.9877610534225988
2010-05-04 13:28:00-04:00,0.7778168378722311,0.36807636282621264,0.9882483296399849
2010-05-04 13:29:00-04:00,0.27726097835182717,0.371775196800883,0.9883425155155926
2010-05-04 13:30:00-04:00,0.8582302430933647,0.3850788993789291,0.9887921936141227
2010-05-04 13:31:00-04:00,0.895786951383866,0.4274606910451026,0.9897375508147328
2010-05-04 13:32:00-04:00,0.6727109529604276,0.4251826942458779,0.9900047626212413
2010-05-04 13:33:00-04:00,0.5345224848837623,0.4199762494210425,0.9899985044848353
2010-05-04 13:34:00-04:00,0.29879081996260487,0.4211954553608239,0.9899228597075072
2010-05-04 13:35:00-04:00,0.22358457842696872,0.4112171587270222,0.9899670200310523
2010-05-04 13:36:00-04:00,0.3727568872066549,0.4127992824457452,0.9896920549482683
2010-05-04 13:37:00-04:00,0.062312989274335186,0.40314099610149795,0.9895645551558416
2010-05-04 13:38:00-04:00,0.28267791770628753,0.37740112577044843,0.9892772660042759
2010-05-04 13:39:00-04:00,0.6197759981930504,0.38018974003373746,0.9894353434569113
2010-05-04 13:40:00-04:00,0.5929395582919704,0.3910477305153818,0.9899298228206083
2010-05-04 13:41:00-04:00,0.6483864901851394,0.3810261858874024,0.9902507952954483
2010-05-04 13:42:00-04:00,0.513222289314445,0.3837941514876757,0.9901282744305001
2010-05-04 13:43:00-04:00,0.35623162024666005,0.3839926126004748,0.9901952483232292
2010-05-04 13:44:00-04:00,0.6361458936682547,0.3659567623396723,0.9898804363826411
2010-05-04 13:45:00-04:00,0.7080711464205452,0.37466979036602044,0.9895310249485898
2010-05-04 13:46:00-04:00,0.6506271753901834,0.38374215636725845,0.9900374618133299
2010-05-04 13:47:00-04:00,0.5380432444293637,0.37806705187157047,0.9903854509577721
2010-05-04 13:48:00-04:00,0.630723355152726,0.3887090137492134,0.990826360053692
2010-05-04 13:49:00-04:00,0.76826766453495,0.38888159454709514,0.9911382668521551
2010-05-04 13:50:00-04:00,0.7977814404297857,0.3867697378418774,0.9908451750106247
2010-05-04 13:51:00-04:00,0.4183865482443577,0.39555759500116344,0.9904417421835628
2010-05-04 13:52:00-04:00,0.39639575645979974,0.385507137330522,0.9902794298695418
2010-05-04 13:53:00-04:00,0.517875525743073,0.39665366038143646,0.9899109646729336
2010-05-04 13:54:00-04:00,0.3799748487049205,0.39014944811839986,0.9900659522681943
2010-05-04 13:55:00-04:00,0.3916130567129126,0.3960337231998246,0.9897080297535084
2010-05-04 13:56:00-04:00,0.532944907460548,0.3942550861255839,0.9899562779107499
2010-05-04 13:57:00-04:00,0.7417724262756322,0.3651498098191295,0.9895169451803102
2010-05-04 13:58:00-04:00,0.7586431315588321,0.3684526110457193,0.9892140224619204
2010-05-04 13:59:00-04:00,0.7229133492009768,0.38187813402666826,0.9896960808462906
2010-05-04 14:00:00-04:00,0.8268852251091245,0.37374313188694686,0.9897790999959218
2010-05-04 14:01:00-04:00,0.7846098519473955,0.3745276945085494,0.9887514310090906
2010-05-04 14:02:00-04:00,0.6921985690857831,0.37302520843211673,0.9886065900142512
2010-05-04 14:03:00-04:00,0.1798486131132647,0.3720765568018078,0.9885807342320702
2010-05-04 14:04:00-04:00,0.5957904991103604,0.3652372205889196,0.9885635788533532
2010-05-04 14:05:00-04:00,0.47433469318789184,0.3781728750555215,0.988861923072503
2010-05-04 14:06:00-04:00,0.35859236090489705,0.37976551030946293,0.9890861382472207
2010-05-04 14:07:00-04:00,0.4776138788047325,0.3815369787926379,0.9889341466806004
2010-05-04 14:08:00-04:00,0.7054632600087363,0.3864407776208056,0.9886239699697997
2010-05-04 14:09:00-04:00,0.6610530837038883,0.40020447897381733,0.9891507597346735
2010-05-04 14:10:00-04:00,0.38914950859287506,0.3924037251645152,0.9893977156306054
2010-05-04 14:11:00-04:00,0.6622024745663461,0.39740515348082267,0.9898286144401327
2010-05-04 14:12:00-04:00,0.5651793169558231,0.3993220529620374,0.9896738431113367
2010-05-04 14:13:00-04:00,0.12511910620066571,0.39536039299385034,0.9896971653277947
2010-05-04 14:14:00-04:00,0.6648578409412234,0.39216540159096164,0.989923782978819
2010-05-04 14:15:00-04:00,0.6479928187442631,0.3928276159060103,0.9895413794171741
2010-05-04 14:16:00-04:00,0.28819044686400064,0.3846052096690892,0.989311216305254
2010-05-04 14:17:00-04:00,0.5749767844057683,0.38627514011185055,0.988862783377786
2010-05-04 14:18:00-04:00,0.5820031113225183,0.3781679015214346,0.9884126680490797
2010-05-04 14:19:00-04:00,0.13379983759072125,0.3669401072610082,0.9882421582688764
2010-05-04 14:20:00-04:00,0.7640480375833788,0.3714593508242491,0.9877542083338651
2010-05-04 14:21:00-04:00,0.8162015846197059,0.39449376789561597,0.9883301944730749
2010-05-04 14:22:00-04:00,0.5434790492844142,0.39692116870151584,0.9883353058719924
2010-05-04 14:23:00-04:00,0.45361888387420324,0.38868984021616293,0.9880740729015154
2010-05-04 14:24:00-04:00,0.6194609997506627,0.39194070241790196,0.9882905785269599
2010-05-04 14:25:00-04:00,0.6301239447255667,0.39440293893692197,0.9885734955615866
2010-05-04 14:26:00-04:00,0.6442266916243289,0.4078637637006117,0.9878764005134801
2010-05-04 14:27:00-04:00,0.7684987989450814,0.4040693706762976,0.988189620579018
2010-05-04 14:28:00-04:00,0.7102556958268736,0.3944291810694755,0.9882108166997097
2010-05-04 14:29:00-04:00,0.7901967996070525,0.3948552169249148,0.9874875528308636
2010-05-04 14:30:00-04:00,0.8055958307668772,0.4209752659516346,0.9882783634117186
2010-05-04 14:31:00-04:00,0.6633679822657471,0.3795896266888235,0.9887035739455743
2010-05-04 14:32:00-04:00,0.5911143052328416,0.3851893692549543,0.9884253097204925
2010-05-04 14:33:00-04:00,0.3906104535046308,0.39633512532182835,0.9880562735145971
2010-05-04 14:34:00-04:00,0.6162067887447573,0.4063422861995954,0.9875342235847094
2010-05-04 14:35:00-04:00,0.8021837496856695,0.40649152612510814,0.9878469785624263
2010-05-04 14:36:00-04:00,0.6738051997905137,0.4162009488152036,0.9882573911327582
2010-05-04 14:37:00-04:00,0.4518480302040869,0.42043148824382376,0.9877555068444628
2010-05-04 14:38:00-04:00,0.3130724864591082,0.41503047628534157,0.9876216326371654
2010-05-04 14:39:00-04:00,0.31765243426698136,0.40154188148473346,0.9872276792056076
2010-05-04 14:40:00-04:00,0.850356877421931,0.40664916120000144,0.9874638784278309
2010-05-04 14:41:00-04:00,0.8491452867120338,0.4467941524983216,0.9884428070872847
2010-05-04 14:42:00-04:00,0.711292702482805,0.46453111175137196,0.9877976569451227
2010-05-04 14:43:00-04:00,0.6876180270430087,0.4743557777350161,0.9880632102206008
2010-05-04 14:44:00-04:00,0.8063446300407203,0.4768901366213353,0.9879104912185701
2010-05-04 14:45:00-04:00,0.7502828976686259,0.48582024777585014,0.9873946567870215
2010-05-04 14:46:00-04:00,0.40275290405449815,0.4837501914671462,0.9873842988083422
2010-05-04 14:47:00-04:00,0.32791761026089333,0.48390858565939804,0.9872832141183581
2010-05-04 14:48:00-04:00,0.4240092921656963,0.4798928752096568,0.9872113525702901
2010-05-04 14:49:00-04:00,0.6765327673991858,0.4870238018489585,0.987485600764771
2010-05-04 14:50:00-04:00,0.564693002252302,0.4826829634137117,0.9878542884836304
2010-05-04 14:51:00-04:00,0.2365418511336321,0.4623293674943571,0.9875838140508008
2010-05-04 14:52:00-04:00,0.5771935743445449,0.4673337435209301,0.9880688893463205
2010-05-04 14:53:00-04:00,0.6586269611087643,0.4705458259999058,0.9876832236976567
2010-05-04 14:54:00-04:00,0.5581088450564842,0.4599426864321669,0.9875603688904663
2010-05-04 14:55:00-04:00,0.1314123461743576,0.4498523607408428,0.9875561742966458
2010-05-04 14:56:00-04:00,0.5905524446777685,0.4324694919357723,0.9878447288971716
2010-05-04 14:57:00-04:00,0.5967869723502801,0.43330615238218434,0.9880837555694286
2010-05-04 14:58:00-04:00,0.09108398811478496,0.43726949245523733,0.988066279924729
2010-05-04 14:59:00-04:00,0.4941855659755564,0.4178992115184831,0.9878355156486915
2010-05-04 15:00:00-04:00,0.5757544499005111,0.3935754835557928,0.9877248652244459
2010-05-04 15:01:00-04:00,0.47463442369323067,0.393851563611666,0.9875901905548807
2010-05-04 15:02:00-04:00,0.872819241413499,0.40946401277084793,0.9868429680504771
2010-05-04 15:03:00-04:00,0.9051842375430056,0.46918844404591836,0.9880949062102753
2010-05-04 15:04:00-04:00,0.7983359558618035,0.4890425230541271,0.9889557815659628
2010-05-04 15:05:00-04:00,0.7300096408894615,0.485537723171417,0.9891616493868566
2010-05-04 15:06:00-04:00,0.2418473608555025,0.47982187022865513,0.989273928670952
2010-05-04 15:07:00-04:00,0.7602872263114625,0.4720425214122627,0.9898179002709397
2010-05-04 15:08:00-04:00,0.6910704571422568,0.48600187411248885,0.9891988949810749
2010-05-04 15:09:00-04:00,0.27721819164228967,0.4840015532914378,0.9892597606089539
2010-05-04 15:10:00-04:00,0.3481093137791737,0.48368573044341345,0.9890294738835939
2010-05-04 15:11:00-04:00,0.2950979537600252,0.4486526316296481,0.9888877722608606
2010-05-04 15:12:00-04:00,0.478408860247295,0.4295717491402521,0.9891328444324469
2010-05-04 15:13:00-04:00,0.7223658791787327,0.4317078468882414,0.9895084497424216
2010-05-04 15:14:00-04:00,0.718696671754541,0.448376499813907,0.9888932650321144
2010-05-04 15:15:00-04:00,0.7626955517648255,0.4355603132035822,0.9894759336775881
2010-05-04 15:16:00-04:00,0.4634647135875189,0.43569058320180987,0.989617532775715
2010-05-04 15:17:00-04:00,0.4787985052801853,0.4328086000091151,0.9897870339465595
2010-05-04 15:18:00-04:00,0.1749159360980728,0.4309162476595563,0.9896189298998945
2010-05-04 15:19:00-04:00,0.7382135320715765,0.44513867772407245,0.990436273580274
2010-05-04 15:20:00-04:00,0.9136573012445236,0.47238744509588504,0.9895874505220825
2010-05-04 15:21:00-04:00,0.8040813602339975,0.47322837739227785,0.9893735931910679
2010-05-04 15:22:00-04:00,0.5773712710239063,0.47518160968708995,0.9897720418078262
2010-05-04 15:23:00-04:00,0.11075582367884605,0.4672032007259058,0.9897486675699223
2010-05-04 15:24:00-04:00,0.7851527994542447,0.4713366348592649,0.990169931439558
2010-05-04 15:25:00-04:00,0.5989010180158691,0.49173740316416925,0.9895802100782903
2010-05-04 15:26:00-04:00,0.3484187653754941,0.49254199548051053,0.9895157632712542
2010-05-04 15:27:00-04:00,0.4079798499769568,0.4984713886982694,0.9894655201209795
2010-05-04 15:28:00-04:00,0.40131779637621806,0.4976693271931602,0.9892109896472372
2010-05-04 15:29:00-04:00,0.5590692960813013,0.4988872767008091,0.9895954467818312
2010-05-04 15:30:00-04:00,0.5879790580423283,0.4902976923417754,0.9895727576063509
2010-05-04 15:31:00-04:00,0.14781626129152658,0.48888762497575955,0.989555575560733
2010-05-04 15:32:00-04:00,0.6935299889650872,0.46915122016784006,0.9899243594128647
2010-05-04 15:33:00-04:00,0.8155863094124751,0.4188084523598097,0.9897598441771234
2010-05-04 15:34:00-04:00,0.7416172792360446,0.40813673946188234,0.989180175352577
2010-05-04 15:35:00-04:00,0.7509996024136695,0.44383625161940876,0.9882804106586404
2010-05-04 15:36:00-04:00,0.44001852499293675,0.43600270381128536,0.9881355849418378
2010-05-04 15:37:00-04:00,0.4079262414788892,0.42625078734707805,0.988040800860057
2010-05-04 15:38:00-04:00,0.6504003886978394,0.42722597033505144,0.9875083874106441
2010-05-04 15:39:00-04:00,0.48847889704874536,0.4332191984404092,0.9878862365926112
2010-05-04 15:40:00-04:00,0.6642155601573868,0.45167753238808034,0.9871259428089645
2010-05-04 15:41:00-04:00,0.7077762958076811,0.4471494684439665,0.9866375613966993
2010-05-04 15:42:00-04:00,0.5001324176000749,0.44129680617147143,0.9872392506764006
2010-05-04 15:43:00-04:00,0.3948041347783157,0.43122243940212535,0.9868351197773008
2010-05-04 15:44:00-04:00,0.7507012770996644,0.41759237537351573,0.9865115955577697
2010-05-04 15:45:00-04:00,0.8140555664567862,0.4488418081647097,0.9877713115440182
2010-05-04 15:46:00-04:00,0.3839902029698129,0.44310479260783575,0.9876614926514434
2010-05-04 15:47:00-04:00,0.2785405174204433,0.4423376041076699,0.9877785767651296
2010-05-04 15:48:00-04:00,0.3187133152527642,0.4414574603148024,0.9874814401822726
2010-05-04 15:49:00-04:00,0.4906509348825118,0.42040152425436406,0.9878329192550017
2010-05-04 15:50:00-04:00,0.44426279969548427,0.40055095568532156,0.9878089313247038
2010-05-04 15:51:00-04:00,0.8645415963642913,0.47381369809577223,0.9892352031946993
2010-05-04 15:52:00-04:00,0.8322253674426748,0.476175862907075,0.9897426937026411
2010-05-04 15:53:00-04:00,0.35268495173757675,0.47255001485378745,0.9901028745130637
2010-05-04 15:54:00-04:00,0.9011456598342684,0.48653080649357605,0.9909929221704674
2010-05-04 15:55:00-04:00,0.7650513645918797,0.48023633460702236,0.9903597385462218
2010-05-04 15:56:00-04:00,0.37996005696711005,0.4721722615975344,0.9901284215152729
2010-05-04 15:57:00-04:00,0.42439252707099734,0.4693239013169759,0.9898080191590829
2010-05-04 15:58:00-04:00,0.14520982430494014,0.46766071187277775,0.9896698451184718
2010-05-04 15:59:00-04:00,0.342865609963611,0.45842696995994603,0.9899594549027673
2010-05-05 09:30:00-04:00,0.4012064388875756,0.2864025411033989,0.9850995067444572
2010-05-05 09:31:00-04:00,0.13582773925036407,0.24656198973268614,0.984626856454666
2010-05-05 09:32:00-04:00,0.2818889556444666,0.20326225708731988,0.984043752315022
2010-05-05 09:33:00-04:00,0.42781172106052207,0.19248351011779724,0.9831611240517708
2010-05-05 09:34:00-04:00,0.18378707881047737,0.1724770085663122,0.9832168985133719
2010-05-05 09:35:00-04:00,0.16359228665633746,0.15114819326033443,0.9825763323785914
2010-05-05 09:36:00-04:00,0.35471011274126035,0.14899140536886207,0.9821893627466207
2010-05-05 09:37:00-04:00,0.25022714395849116,0.14912789850987349,0.9825753447339493
2010-05-05 09:38:00-04:00,0.37277396682289965,0.15226786920530003,0.9815483055709612
2010-05-05 09:39:00-04:00,0.5791249631840878,0.1486750393215182,0.981245359227542
2010-05-05 09:40:00-04:00,0.1863799314194903,0.1399205334714002,0.9815782840734589
2010-05-05 09:41:00-04:00,0.5298512713613713,0.13880301878455648,0.9818181883115612
2010-05-05 09:42:00-04:00,0.36122833231484935,0.136719613166814,0.9824694030865978
2010-05-05 09:43:00-04:00,0.5424748989675291,0.14335083490527073,0.9834790867658549
2010-05-05 09:44:00-04:00,0.5636926569201631,0.1465099434506269,0.9841369058351263
2010-05-05 09:45:00-04:00,0.4747655135546638,0.1361509491692185,0.9834051579427248
2010-05-05 09:46:00-04:00,0.31917944791683517,0.13610016690086182,0.9826932211980118
2010-05-05 09:47:00-04:00,0.47775587757504806,0.13608775188826683,0.9829224126584302
2010-05-05 09:48:00-04:00,0.30186146549032605,0.13661973669410943,0.9833493068840583
2010-05-05 09:49:00-04:00,0.08695150323314119,0.13471566880168384,0.9832943911770264
2010-05-05 09:50:00-04:00,0.27249976997699316,0.13434404326829627,0.9828442585933465
2010-05-05 09:51:00-04:00,0.49972808243599953,0.11726340401879118,0.9826349762634609
2010-05-05 09:52:00-04:00,0.48490997045946416,0.11450963829472689,0.9827143479950128
2010-05-05 09:53:00-04:00,0.6736563243192389,0.11595532997141139,0.9833036201363634
2010-05-05 09:54:00-04:00,0.7974287368197409,0.1261042586533106,0.984914973698605
2010-05-05 09:55:00-04:00,0.5113426159198142,0.12345816029167614,0.9853699325475406
2010-05-05 09:56:00-04:00,0.28354135901166333,0.12289594978439879,0.9856751049105457
2010-05-05 09:57:00-04:00,0.6631690969324859,0.12649921479520176,0.986628010364435
2010-05-05 09:58:00-04:00,0.5052541182700591,0.12680788483781552,0.9862436897316071
2010-05-05 09:59:00-04:00,0.27735417843326654,0.1268195463201642,0.9865943899953218
2010-05-05 10:00:00-04:00,0.5668252357839563,0.12403037075861369,0.9857825155279223
2010-05-05 10:01:00-04:00,0.7296293021809527,0.14256029478732812,0.9860818120756072
2010-05-05 10:02:00-04:00,0.5997872382979077,0.1615156572201031,0.9868092658654837
2010-05-05 10:03:00-04:00,0.38538903971330596,0.17042816924569854,0.9875395276782621
2010-05-05 10:04:00-04:00,0.7787742819112666,0.18508096954411693,0.9872755130921518
2010-05-05 10:05:00-04:00,0.7235876537006712,0.2306410506141184,0.9860755586390695
2010-05-05 10:06:00-04:00,0.3409217444696859,0.2357896444736715,0.9862637684107043
2010-05-05 10:07:00-04:00,0.5735303342276296,0.23969096635557435,0.986640007771151
2010-05-05 10:08:00-04:00,0.767349032069117,0.22379406995243592,0.9876041699659978
2010-05-05 10:09:00-04:00,0.4710271450363235,0.23353717646390063,0.9867544736802947
2010-05-05 10:10:00-04:00,0.2786307465013138,0.2449453309696806,0.9864817306246465
2010-05-05 10:11:00-04:00,0.7395781700150211,0.26515670311673395,0.9855957028818545
2010-05-05 10:12:00-04:00,0.777565127868628,0.29323770686769585,0.9871244626985223
2010-05-05 10:13:00-04:00,0.4028553593055931,0.30361221271861144,0.9866270742724215
2010-05-05 10:14:00-04:00,0.7232560886886835,0.3079293145698962,0.987156903579769
2010-05-05 10:15:00-04:00,0.5294649786534997,0.3066438366360825,0.9873705896392873
2010-05-05 10:16:00-04:00,0.35614892969261797,0.3055596883545843,0.9873910125643527
2010-05-05 10:17:00-04:00,0.8045724149493139,0.32961131268069316,0.9888191629250256
2010-05-05 10:18:00-04:00,0.7301126043854786,0.3266709283272961,0.9894143326045088
2010-05-05 10:19:00-04:00,0.45142784666059943,0.3321867988732334,0.9890464074286713
2010-05-05 10:20:00-04:00,0.2050480404202101,0.3366958226471909,0.988681200598128
2010-05-05 10:21:00-04:00,0.26835995222939574,0.33611065946986984,0.9891110357020835
2010-05-05 10:22:00-04:00,0.4651301784425989,0.34228682116189874,0.9890147438277005
2010-05-05 10:23:00-04:00,0.23043494956959726,0.3358994881895915,0.9888308624121852
2010-05-05 10:24:00-04:00,0.5329608409062639,0.3008424784654092,0.9888671474934138
2010-05-05 10:25:00-04:00,0.5615427430337954,0.30781782375545785,0.9882665565627686
2010-05-05 10:26:00-04:00,0.5323173272056836,0.3234634416086823,0.9874694416818023
2010-05-05 10:27:00-04:00,0.4631180720985664,0.31600811754871244,0.987014156280581
2010-05-05 10:28:00-04:00,0.009924103088875551,0.31425160624846876,0.9868012248423169
2010-05-05 10:29:00-04:00,0.5720341991453601,0.3222071176815249,0.9861569125771902
2010-05-05 10:30:00-04:00,0.478858180099581,0.3114124504779442,0.9865098983721133
2010-05-05 10:31:00-04:00,0.1710622636257597,0.31310506444661707,0.9865078298461838
2010-05-05 10:32:00-04:00,0.3897182956760944,0.31471054595496883,0.9858872395173663
2010-05-05 10:33:00-04:00,0.6530655064823011,0.3209715242255964,0.9854970441371113
2010-05-05 10:34:00-04:00,0.55614182732291,0.3281059119067055,0.985733376503161
2010-05-05 10:35:00-04:00,0.41526101620465367,0.30239777295041365,0.986385778802996
2010-05-05 10:36:00-04:00,0.49993949117222475,0.30403299674107453,0.9867886295636078
2010-05-05 10:37:00-04:00,0.5640915704900975,0.3095419258112639,0.9859771313945085
2010-05-05 10:38:00-04:00,0.513156453117098,0.2968623334132134,0.986333602672882
2010-05-05 10:39:00-04:00,0.6045620490399111,0.29416155285934115,0.985790755311076
2010-05-05 10:40:00-04:00,0.837947112399128,0.30815856356666976,0.9865249636439738
2010-05-05 10:41:00-04:00,0.6379794249401364,0.3205188225688584,0.9877541008001302
2010-05-05 10:42:00-04:00,0.604832289663694,0.2910633129693435,0.9884613075887269
2010-05-05 10:43:00-04:00,0.4811195925269672,0.28501288699681326,0.9886875785011271
2010-05-05 10:44:00-04:00,0.2986996678723929,0.27859236767751966,0.988315980785209
2010-05-05 10:45:00-04:00,0.4749830419862799,0.28480178907059434,0.9889183594874367
2010-05-05 10:46:00-04:00,0.7627767386327805,0.2931278232020824,0.9896978648704822
2010-05-05 10:47:00-04:00,0.46165532491314537,0.2659193518619323,0.9892807898857233
2010-05-05 10:48:00-04:00,0.5395036015475649,0.2759346939708704,0.9900176503055181
2010-05-05 10:49:00-04:00,0.6719695322791351,0.2772727806175111,0.9898106600730598
2010-05-05 10:50:00-04:00,0.4477285879930726,0.28920223948566604,0.9892565495366403
2010-05-05 10:51:00-04:00,0.5720811466087581,0.29507819067700747,0.9896744689161451
2010-05-05 10:52:00-04:00,0.6504934172353609,0.2952341497622974,0.9898498678658635
2010-05-05 10:53:00-04:00,0.5703370919089141,0.3156024777468152,0.989081925055954
2010-05-05 10:54:00-04:00,0.5187434749880795,0.3190873124784538,0.9887934484988368
2010-05-05 10:55:00-04:00,0.4697320750991612,0.3198610133518961,0.9891870001989248
2010-05-05 10:56:00-04:00,0.33476753961369843,0.30854516222616407,0.9893968581855481
2010-05-05 10:57:00-04:00,0.32922517431635345,0.30579931699651547,0.9894913317403541
2010-05-05 10:58:00-04:00,0.5106014160780679,0.3088835372593801,0.9895414108691513
2010-05-05 10:59:00-04:00,0.5016667590052191,0.300411921772342,0.9892933261895362
2010-05-05 11:00:00-04:00,0.7772210592631984,0.3221291435941077,0.9884568440346568
2010-05-05 11:01:00-04:00,0.6150136872394532,0.3292452030398437,0.9879292133124761
2010-05-05 11:02:00-04:00,0.19335550726012965,0.32502869509751775,0.987799275893262
2010-05-05 11:03:00-04:00,0.7444443738515057,0.3355835743947423,0.9870497534674711
2010-05-05 11:04:00-04:00,0.5572522258436716,0.34105776998665505,0.9874066445295727
2010-05-05 11:05:00-04:00,0.23080265634085753,0.34005886885188374,0.9874522463936548
2010-05-05 11:06:00-04:00,0.31928794796829835,0.3499927557812872,0.9874071565519679
2010-05-05 11:07:00-04:00,0.5985454205231125,0.35663946498534105,0.9863760726063802
2010-05-05 11:08:00-04:00,0.6582467876192014,0.3544661534505073,0.986733273604046
2010-05-05 11:09:00-04:00,0.18272491919293957,0.3531076012755528,0.986837680357684
2010-05-05 11:10:00-04:00,0.5135225317902804,0.33600741265992307,0.9866560665993024
2010-05-05 11:11:00-04:00,0.6309358443664981,0.3057869550263983,0.9871785417037393
2010-05-05 11:12:00-04:00,0.5334785997695048,0.30249716872151167,0.9876977696265805
2010-05-05 11:13:00-04:00,0.2602599510766254,0.3056258628835136,0.9874816450847524
2010-05-05 11:14:00-04:00,0.44401581298580073,0.3123550372989745,0.9877632157949038
2010-05-05 11:15:00-04:00,0.42204775935435496,0.3063496301456147,0.987620597889754
2010-05-05 11:16:00-04:00,0.2137711313436102,0.289665768278959,0.9874869037552922
2010-05-05 11:17:00-04:00,0.37018330005550065,0.2921084304609362,0.9872089248843414
2010-05-05 11:18:00-04:00,0.5518869666369832,0.27368919457266244,0.9874132416498185
2010-05-05 11:19:00-04:00,0.4961035187917873,0.2862039690874663,0.9879430807345666
2010-05-05 11:20:00-04:00,0.3830089500340398,0.2830416643829292,0.9882969092008396
2010-05-05 11:21:00-04:00,0.3882608063483803,0.2700208436072032,0.988505103935607
2010-05-05 11:22:00-04:00,0.31979201221700987,0.2737142208507222,0.988434086340118
2010-05-05 11:23:00-04:00,0.4603890803065345,0.25978091959243976,0.9884216621669071
2010-05-05 11:24:00-04:00,0.570220850589306,0.2749858581581747,0.9890156231970982
2010-05-05 11:25:00-04:00,0.5054910570434719,0.27470678129357634,0.9892058743289285
2010-05-05 11:26:00-04:00,0.6521840097919223,0.28285108458033364,0.9894678323935904
2010-05-05 11:27:00-04:00,0.7166567761346708,0.2956414773338427,0.988866525185534
2010-05-05 11:28:00-04:00,0.6092991831266195,0.30265338152258675,0.9882426433746189
2010-05-05 11:29:00-04:00,0.4274899601711794,0.30667367284310104,0.9883982315742063
2010-05-05 11:30:00-04:00,0.600582994881737,0.2902664060908293,0.9889215201653134
2010-05-05 11:31:00-04:00,0.7969149226743176,0.2792219139623866,0.9887751608713546
2010-05-05 11:32:00-04:00,0.718385969435857,0.32544987810536197,0.9877276216800657
2010-05-05 11:33:00-04:00,0.5866227501472414,0.3001488645828137,0.9878979461709647
2010-05-05 11:34:00-04:00,0.17667317796448792,0.2914618783653508,0.9877782855817498
2010-05-05 11:35:00-04:00,0.6608634734984177,0.2963521457078825,0.9879636038708636
2010-05-05 11:36:00-04:00,0.461679748174637,0.29606056012522963,0.988267898935554
2010-05-05 11:37:00-04:00,0.44193351432546935,0.2620912325875167,0.9884718855732406
2010-05-05 11:38:00-04:00,0.2672940590491143,0.26786451976764275,0.9883611890070308
2010-05-05 11:39:00-04:00,0.34527185274457406,0.27101532453804955,0.9884799006278471
2010-05-05 11:40:00-04:00,0.2815961302897222,0.27008078333522284,0.9882879306163409
2010-05-05 11:41:00-04:00,0.717666519094218,0.2648361542594769,0.9885048822263189
2010-05-05 11:42:00-04:00,0.7813162546702603,0.2850487928102494,0.9892741731436657
2010-05-05 11:43:00-04:00,0.27699378979500094,0.28232853511559236,0.9893541123225432
2010-05-05 11:44:00-04:00,0.48944552227401494,0.28049301543250993,0.9894945942583999
2010-05-05 11:45:00-04:00,0.4377903266837118,0.2927200790985065,0.9891095199851542
2010-05-05 11:46:00-04:00,0.5173673930658608,0.2916899251841341,0.9890689035073614
2010-05-05 11:47:00-04:00,0.7514281972067335,0.3004859468296977,0.9896642457559665
2010-05-05 11:48:00-04:00,0.6565399596958577,0.31220612211846605,0.9903048442190133
2010-05-05 11:49:00-04:00,0.7053024217470514,0.3137689623349,0.9908299570781454
2010-05-05 11:50:00-04:00,0.9581485430790854,0.31656480478914134,0.9910062510859996
2010-05-05 11:51:00-04:00,0.7453048680009238,0.3763855989064798,0.990083883697366
2010-05-05 11:52:00-04:00,0.32222258236205675,0.37302470614561706,0.9901819896238064
2010-05-05 11:53:00-04:00,0.19378859345027913,0.377338779690983,0.9900598549825508
2010-05-05 11:54:00-04:00,0.27798034369769026,0.36859999476666666,0.9901523897205395
2010-05-05 11:55:00-04:00,0.3589501408578329,0.36644768477778256,0.9904310489810741
2010-05-05 11:56:00-04:00,0.4917975183333871,0.3683985932591526,0.990748832306859
2010-05-05 11:57:00-04:00,0.39035972053223844,0.35522694368906793,0.9910163025125158
2010-05-05 11:58:00-04:00,0.652758994658831,0.34198094502126664,0.9913730543220494
2010-05-05 11:59:00-04:00,0.4742896205868682,0.34842151649110853,0.9909882019002892
2010-05-05 12:00:00-04:00,0.21069719460206238,0.3389935605868068,0.9910495568601523
2010-05-05 12:01:00-04:00,0.18556700336127374,0.33842916573543275,0.9911420726882607
2010-05-05 12:02:00-04:00,0.7286866596522518,0.2751581743152539,0.9913419260242236
2010-05-05 12:03:00-04:00,0.5442834592093344,0.30347776098112633,0.9907478156490644
2010-05-05 12:04:00-04:00,0.6254226403546699,0.3055065689389363,0.9910996579790234
2010-05-05 12:05:00-04:00,0.7412180455646249,0.331792594281524,0.9902113537680369
2010-05-05 12:06:00-04:00,0.5032574067150031,0.33031497572574053,0.9901341077975514
2010-05-05 12:07:00-04:00,0.36318129070419025,0.3246967177096684,0.990153262218053
2010-05-05 12:08:00-04:00,0.12142912541415236,0.3239286605093115,0.9901782447299188
2010-05-05 12:09:00-04:00,0.4309312392752979,0.3284250856917295,0.9900678236565534
2010-05-05 12:10:00-04:00,0.35603142300398555,0.3315214434652414,0.9898239356260224
2010-05-05 12:11:00-04:00,0.35449057977984405,0.3407757953186893,0.9891831890903436
2010-05-05 12:12:00-04:00,0.39927431690334986,0.3143956976156011,0.9892082852108557
2010-05-05 12:13:00-04:00,0.24241996661580037,0.31391183988084775,0.9892983595843536
2010-05-05 12:14:00-04:00,0.1467923634407399,0.3115345538512357,0.9893218506259462
2010-05-05 12:15:00-04:00,0.06438757225413014,0.3031634871931012,0.989212030024722
2010-05-05 12:16:00-04:00,0.47231910492482937,0.3054689862914474,0.9895384022660719
2010-05-05 12:17:00-04:00,0.42110613996505397,0.2951392523034449,0.9891899269533904
2010-05-05 12:18:00-04:00,0.65834683866177,0.28984375960535896,0.9895682283879477
2010-05-05 12:19:00-04:00,0.7240860450076665,0.2841626153978361,0.9899616152877944
2010-05-05 12:20:00-04:00,0.4904931433013945,0.28283017851423764,0.9895824436293829
2010-05-05 12:21:00-04:00,0.47199683238880447,0.23853914285877006,0.9897198473081865
2010-05-05 12:22:00-04:00,0.8078302897882503,0.2593022342533363,0.9889871472492445
2010-05-05 12:23:00-04:00,0.7891971522504254,0.2977807844585382,0.9880833876371642
2010-05-05 12:24:00-04:00,0.7214972413450699,0.30547398355268235,0.9885328390144987
2010-05-05 12:25:00-04:00,0.4802221967319392,0.3053539700798549,0.988771955514669
2010-05-05 12:26:00-04:00,0.4269233312455758,0.301183629231399,0.9888294618685003
2010-05-05 12:27:00-04:00,0.44702996815243035,0.3055473105755045,0.988387743540432
2010-05-05 12:28:00-04:00,0.4240812652423456,0.3001618346018798,0.9886379488437438
2010-05-05 12:29:00-04:00,0.5763310388412753,0.31475339512911765,0.9880670027473819
2010-05-05 12:30:00-04:00,0.5903017599900431,0.31682865363196205,0.9878876686420728
2010-05-05 12:31:00-04:00,0.3557377093857179,0.320449821184659,0.9880633734246606
2010-05-05 12:32:00-04:00,0.5659524680471733,0.3263917655238809,0.9885267306270857
2010-05-05 12:33:00-04:00,0.6087925605042223,0.3174798343424041,0.9887294442458839
2010-05-05 12:34:00-04:00,0.29985322288932476,0.306491469837275,0.9886193498575307
2010-05-05 12:35:00-04:00,0.6071002882991797,0.28903831655169077,0.9882520851761172
2010-05-05 12:36:00-04:00,0.23861907370040397,0.29487399540808273,0.9880827870495774
2010-05-05 12:37:00-04:00,0.2301951890907136,0.29551321974625516,0.9879115108523566
2010-05-05 12:38:00-04:00,0.11634159436403987,0.29484068695708887,0.9878227444138009
2010-05-05 12:39:00-04:00,0.6369017162184999,0.28997904981811234,0.9873987742340578
2010-05-05 12:40:00-04:00,0.728800815116832,0.3492743431896296,0.9861451762964799
2010-05-05 12:41:00-04:00,0.7150793289586107,0.3448881623531452,0.9861074545511356
2010-05-05 12:42:00-04:00,0.270119263263807,0.3442498322050672,0.9862287480504
2010-05-05 12:43:00-04:00,0.45695369358840104,0.3491195350183428,0.9858489875309342
2010-05-05 12:44:00-04:00,0.7108121001283499,0.35420218336861553,0.9858369203183421
2010-05-05 12:45:00-04:00,0.7079057235091849,0.3695275311297352,0.9863257720175572
2010-05-05 12:46:00-04:00,0.535797083497974,0.368047614679023,0.9866287303989998
2010-05-05 12:47:00-04:00,0.45652926561154716,0.36775543725556487,0.9862588882370551
2010-05-05 12:48:00-04:00,0.7463448668289325,0.37246849231437695,0.9867203234041804
2010-05-05 12:49:00-04:00,0.5178779866706316,0.3692124924826583,0.9869880712031712
2010-05-05 12:50:00-04:00,0.1612234088333014,0.37381506218284616,0.9870176073610452
2010-05-05 12:51:00-04:00,0.19740513798157952,0.37300665898462143,0.9870142822491615
2010-05-05 12:52:00-04:00,0.330384802991518,0.3667236375458942,0.9870603520120211
2010-05-05 12:53:00-04:00,0.5217976409878327,0.3268859867326711,0.9869915400827378
2010-05-05 12:54:00-04:00,0.7822473856077131,0.34923332306293486,0.9878050098639337
2010-05-05 12:55:00-04:00,0.6228256495497618,0.35083373033677023,0.9877211003143939
2010-05-05 12:56:00-04:00,0.609158405117665,0.353983196094789,0.9879880461774847
2010-05-05 12:57:00-04:00,0.8012704185382125,0.35886039388295055,0.987477902785959
2010-05-05 12:58:00-04:00,0.45334580101106275,0.3555377935826038,0.9875689394949004
2010-05-05 12:59:00-04:00,0.6744727296236589,0.3410382425099155,0.9875031178040827
2010-05-05 13:00:00-04:00,0.31292757141071254,0.3380001145853471,0.9873549821901242
2010-05-05 13:01:00-04:00,0.5481533377518745,0.34695544780305093,0.9869412772803356
2010-05-05 13:02:00-04:00,0.35828498919196133,0.3369160092091725,0.986816710076149
2010-05-05 13:03:00-04:00,0.3396251081778438,0.3394059076070028,0.9864421485219932
2010-05-05 13:04:00-04:00,0.8467641485503703,0.34213979592397475,0.9864006467609201
2010-05-05 13:05:00-04:00,0.39272979066292346,0.3449260565439355,0.986653940750935
2010-05-05 13:06:00-04:00,0.7308475153669403,0.3761647263730138,0.9873195449007934
2010-05-05 13:07:00-04:00,0.7886924867574301,0.38683921249075914,0.9877779688151572
2010-05-05 13:08:00-04:00,0.2547378927508743,0.38483666147342277,0.9875942081093418
2010-05-05 13:09:00-04:00,0.7312064178841936,0.38787653913170744,0.9877906289508394
2010-05-05 13:10:00-04:00,0.7458322682926903,0.35593252917628443,0.9870036332467501
2010-05-05 13:11:00-04:00,0.39159318818374456,0.36370211004141884,0.9871136619506545
2010-05-05 13:12:00-04:00,0.351814937161927,0.3708539677432131,0.9869818114511646
2010-05-05 13:13:00-04:00,0.13168316963230456,0.36837839922687343,0.9869014323711965
2010-05-05 13:14:00-04:00,0.6833084535116996,0.3870113738913965,0.9863361538661228
2010-05-05 13:15:00-04:00,0.7708661658803909,0.385333283498227,0.9865078556626288
2010-05-05 13:16:00-04:00,0.2145135114944107,0.3844900899803908,0.986436098971481
2010-05-05 13:17:00-04:00,0.7972826611570839,0.3755617528806493,0.9865284295362149
2010-05-05 13:18:00-04:00,0.7877780061173759,0.3968069977862833,0.9872728513999554
2010-05-05 13:19:00-04:00,0.35211054405631553,0.39644727016035175,0.9870277430693133
2010-05-05 13:20:00-04:00,0.36726712549761575,0.3971799545534715,0.9872817660984561
2010-05-05 13:21:00-04:00,0.1659658249671826,0.3994882016016071,0.9871211379963912
2010-05-05 13:22:00-04:00,0.7908563292649113,0.4215250729661585,0.9878904115852687
2010-05-05 13:23:00-04:00,0.8231672266671719,0.42345492786885336,0.9881171753572641
2010-05-05 13:24:00-04:00,0.3691247314841921,0.3878928108672507,0.9881346237443591
2010-05-05 13:25:00-04:00,0.704816382838544,0.3851034575540133,0.9878323348220912
2010-05-05 13:26:00-04:00,0.7088282801943571,0.3979208596819015,0.9871061235509513
2010-05-05 13:27:00-04:00,0.4283566767433072,0.3864286377894656,0.9872330229682157
2010-05-05 13:28:00-04:00,0.43099430874258077,0.3866430773682782,0.9872804918497023
2010-05-05 13:29:00-04:00,0.5345917077201815,0.3946873288909803,0.9869046634116376
2010-05-05 13:30:00-04:00,0.7954700463648687,0.4127016116694245,0.9874390989731778
2010-05-05 13:31:00-04:00,0.7747892837001279,0.4113020973430438,0.9871269293611336
2010-05-05 13:32:00-04:00,0.720809224119596,0.41346891634547334,0.9872333481887208
2010-05-05 13:33:00-04:00,0.7961236423773952,0.41355190559611144,0.9876270968485727
2010-05-05 13:34:00-04:00,0.5756078458627254,0.4342415123162534,0.986910922068256
2010-05-05 13:35:00-04:00,0.39232511018656147,0.43597714817718913,0.9871434655452684
2010-05-05 13:36:00-04:00,0.6113645804497106,0.4358743679489025,0.9865313448165816
2010-05-05 13:37:00-04:00,0.47566948349836374,0.4330849131073656,0.985883723492085
2010-05-05 13:38:00-04:00,0.6863914875176733,0.4181688914494427,0.9860531248486464
2010-05-05 13:39:00-04:00,0.713035020529277,0.4463774940324379,0.9868525060158951
2010-05-05 13:40:00-04:00,0.4259964762674917,0.4240984683332375,0.9869089322809013
2010-05-05 13:41:00-04:00,0.6463166156811574,0.42823391125352894,0.9870536730302331
2010-05-05 13:42:00-04:00,0.6279089953407643,0.4398231837209802,0.9864284784853187
2010-05-05 13:43:00-04:00,0.3251337968980351,0.42845570497497043,0.9863918911166076
2010-05-05 13:44:00-04:00,0.40735582043699325,0.4174630543747326,0.9860174639299685
2010-05-05 13:45:00-04:00,0.7626676610312033,0.41389471203491157,0.9859503488820475
2010-05-05 13:46:00-04:00,0.5111372556130173,0.41829465146021066,0.9862047685617988
2010-05-05 13:47:00-04:00,0.38106346710556294,0.42007864680157836,0.9862183701216638
2010-05-05 13:48:00-04:00,0.5975156112648558,0.4009462732967317,0.9867472463348465
2010-05-05 13:49:00-04:00,0.7606010469041878,0.3981882918300412,0.9871816770833846
2010-05-05 13:50:00-04:00,0.7883307153906343,0.431881124605309,0.9863005578004259
2010-05-05 13:51:00-04:00,0.802385236687191,0.4397127064180127,0.9867573474483003
2010-05-05 13:52:00-04:00,0.6241257907552791,0.4201861855366694,0.9868963941886242
2010-05-05 13:53:00-04:00,0.3628193607956594,0.4187929762205981,0.9870983155075864
2010-05-05 13:54:00-04:00,0.6270053310609921,0.42134060189162853,0.987300199931567
2010-05-05 13:55:00-04:00,0.6361426547888348,0.4242005328637778,0.9876736568500055
2010-05-05 13:56:00-04:00,0.7343568629891353,0.4109902632085294,0.9873473753207299
2010-05-05 13:57:00-04:00,0.20612791103665948,0.40792100595636904,0.9874237925346926
2010-05-05 13:58:00-04:00,0.9093425267916425,0.4137516541877738,0.9870289266346283
2010-05-05 13:59:00-04:00,0.7287904606260499,0.41700669652708716,0.9865046439240086
2010-05-05 14:00:00-04:00,0.6660579683721356,0.4049091241410353,0.9867552795349409
2010-05-05 14:01:00-04:00,0.6340762074305393,0.42307278766179174,0.9858879445427965
2010-05-05 14:02:00-04:00,0.3337451185048718,0.42056075892806427,0.9857777058262721
2010-05-05 14:03:00-04:00,0.29016238285825896,0.4156283875474358,0.9855746535907858
2010-05-05 14:04:00-04:00,0.3918966768183219,0.4106151715019888,0.9851686158494588
2010-05-05 14:05:00-04:00,0.7597059368176492,0.401814596639803,0.985032528950759
2010-05-05 14:06:00-04:00,0.6120537643226945,0.39743341098435137,0.9856132817275156
2010-05-05 14:07:00-04:00,0.23124433537221842,0.3881994793863908,0.985488703570754
2010-05-05 14:08:00-04:00,0.7348330875226798,0.4163330926434309,0.9861878430097141
2010-05-05 14:09:00-04:00,0.7751029803823641,0.3945077778191299,0.9858319257297204
2010-05-05 14:10:00-04:00,0.49762308883020184,0.397111862187178,0.985809935669071
2010-05-05 14:11:00-04:00,0.6999687610058613,0.4034053608733409,0.9861435174593361
2010-05-05 14:12:00-04:00,0.5910068550936712,0.39445979061507996,0.9858006937865476
2010-05-05 14:13:00-04:00,0.1397753206636033,0.4051203074926143,0.9856299363967389
2010-05-05 14:14:00-04:00,0.7250304415556309,0.41412293523328264,0.9851547616954403
2010-05-05 14:15:00-04:00,0.866574022090289,0.4175117663861736,0.9847146878258662
2010-05-05 14:16:00-04:00,0.8297625617424521,0.45735373302634413,0.9856834804329074
2010-05-05 14:17:00-04:00,0.5671994601899045,0.4593152488385795,0.9852946245693787
2010-05-05 14:18:00-04:00,0.554244291139473,0.4560160175856412,0.9856109587615728
2010-05-05 14:19:00-04:00,0.642021268196024,0.4579234443402255,0.9853441472648803
2010-05-05 14:20:00-04:00,0.6525955419795015,0.427781589459387,0.9852853911287257
2010-05-05 14:21:00-04:00,0.8185363369429551,0.4274381744219711,0.9857428260044024
2010-05-05 14:22:00-04:00,0.6506758849765717,0.438710973525233,0.9850012282627859
2010-05-05 14:23:00-04:00,0.6328437721326465,0.4510774711188366,0.9854964497519954
2010-05-05 14:24:00-04:00,0.7222076106871248,0.44644287682778133,0.985417966300859
2010-05-05 14:25:00-04:00,0.3801355650450221,0.4368071411754586,0.9853889327976587
2010-05-05 14:26:00-04:00,0.6816171357531192,0.43897836033292176,0.9847264456260636
2010-05-05 14:27:00-04:00,0.5774800642852455,0.43261601571958075,0.9844938115899156
2010-05-05 14:28:00-04:00,0.2630048275607153,0.42680926890148113,0.984476976161279
2010-05-05 14:29:00-04:00,0.3345825896300014,0.4173025183584553,0.9844095043283061
2010-05-05 14:30:00-04:00,0.7147842059560525,0.41648937399208436,0.9842742453221427
2010-05-05 14:31:00-04:00,0.7625579233912726,0.4166914449301029,0.9834176984019029
2010-05-05 14:32:00-04:00,0.6267228720832408,0.42230375660824565,0.9839136919625788
2010-05-05 14:33:00-04:00,0.3748062850989277,0.42070359533537816,0.9840413216676694
2010-05-05 14:34:00-04:00,0.40224295162882556,0.4196281844068436,0.9838585037053187
2010-05-05 14:35:00-04:00,0.48112056853994173,0.4229779337710501,0.983809894297573
2010-05-05 14:36:00-04:00,0.7453261301737494,0.41309699185469345,0.9839726722743372
2010-05-05 14:37:00-04:00,0.8274460325402672,0.44423033757886626,0.9830242091946676
2010-05-05 14:38:00-04:00,0.6157047711086041,0.4325088114210393,0.9834120842465315
2010-05-05 14:39:00-04:00,0.6720906304685831,0.4358648636432346,0.9828892537796539
2010-05-05 14:40:00-04:00,0.7908959127138144,0.4344938060848846,0.9825965117097853
2010-05-05 14:41:00-04:00,0.6942432062758955,0.45164995954003345,0.9833697402442975
2010-05-05 14:42:00-04:00,0.6864147915543858,0.44920607032552196,0.9831612619618298
2010-05-05 14:43:00-04:00,0.17619520382132833,0.4482180376739931,0.9830371017203877
2010-05-05 14:44:00-04:00,0.7900402754816117,0.4539961939483095,0.9823558803261058
2010-05-05 14:45:00-04:00,0.8359261534626415,0.4573736740780703,0.9817735132737372
2010-05-05 14:46:00-04:00,0.4045349225046474,0.4144005529663397,0.9820179259514686
2010-05-05 14:47:00-04:00,0.4972383151261938,0.4089685045542047,0.9819818395420935
2010-05-05 14:48:00-04:00,0.5671038081033155,0.39898523471063563,0.9822408194638038
2010-05-05 14:49:00-04:00,0.7541077721572992,0.4174021588875074,0.9813630209287952
2010-05-05 14:50:00-04:00,0.6971673792486462,0.4194629491450344,0.9814309299511434
2010-05-05 14:51:00-04:00,0.5425456302257007,0.40325827749723997,0.9812853344849312
2010-05-05 14:52:00-04:00,0.5822347238189134,0.39891543392643675,0.9817530121417781
2010-05-05 14:53:00-04:00,0.26163602454418106,0.3769473471377279,0.981503824731603
2010-05-05 14:54:00-04:00,0.7276376089705037,0.3788392536103525,0.9815134546540145
2010-05-05 14:55:00-04:00,0.7085705330570631,0.39982937548001674,0.9821414447786226
2010-05-05 14:56:00-04:00,0.6176745954963002,0.41029677262056363,0.9827289511355558
2010-05-05 14:57:00-04:00,0.1533567976040143,0.41069789398741996,0.9829225455651794
2010-05-05 14:58:00-04:00,0.4803908729300871,0.4074689115068869,0.9832585750398132
2010-05-05 14:59:00-04:00,0.09734772710832465,0.40655851892959805,0.983170178871938
2010-05-05 15:00:00-04:00,0.746071413484126,0.4146137112705518,0.9837726100212039
2010-05-05 15:01:00-04:00,0.7563076419015771,0.42506663697554575,0.9827837870035381
2010-05-05 15:02:00-04:00,0.7483810639484002,0.42433457231272753,0.9822209235711687
2010-05-05 15:03:00-04:00,0.6927075781720968,0.4250726188303329,0.9824896995946563
2010-05-05 15:04:00-04:00,0.6024491270002554,0.4306757264707247,0.9831042395920905
2010-05-05 15:05:00-04:00,0.527687699826316,0.43596175558391403,0.982492715804142
2010-05-05 15:06:00-04:00,0.777011793956047,0.455346927062293,0.9832817511658333
2010-05-05 15:07:00-04:00,0.423485565924156,0.4229805958999748,0.983094381268381
2010-05-05 15:08:00-04:00,0.7229580607602392,0.422855044751366,0.9836200571100497
2010-05-05 15:09:00-04:00,0.620400819963397,0.4200725484439926,0.9840257557439085
2010-05-05 15:10:00-04:00,0.6534733426114543,0.4184853294464542,0.9843458682966162
2010-05-05 15:11:00-04:00,0.6473326045482045,0.4076648038297125,0.9839858435680126
2010-05-05 15:12:00-04:00,0.2095439091020994,0.40245349816159676,0.98370850151793
2010-05-05 15:13:00-04:00,0.33859223185321935,0.39880549892457406,0.9836218660076635
2010-05-05 15:14:00-04:00,0.797483214147867,0.4002585087854558,0.9844925339195176
2010-05-05 15:15:00-04:00,0.8499776031660018,0.390494456793979,0.984154763140983
2010-05-05 15:16:00-04:00,0.5925652681745867,0.4073394490714599,0.9835722509784915
2010-05-05 15:17:00-04:00,0.6685616766690649,0.4287232434086527,0.9829299836459481
2010-05-05 15:18:00-04:00,0.6572500203051138,0.4358287735990867,0.9825988965588708
2010-05-05 15:19:00-04:00,0.5739955706268818,0.4064082928805698,0.9826666909989517
2010-05-05 15:20:00-04:00,0.635087477506683,0.41156041438799157,0.9831939314280971
2010-05-05 15:21:00-04:00,0.4410934529017367,0.41287939858857203,0.982914183912239
2010-05-05 15:22:00-04:00,0.8623655323191313,0.44277582174273206,0.9838221476988345
2010-05-05 15:23:00-04:00,0.692481080150453,0.4457638069868107,0.9841340321390567
2010-05-05 15:24:00-04:00,0.5908296667226399,0.44693834061796894,0.9847688844783397
2010-05-05 15:25:00-04:00,0.827485497127017,0.436823508658177,0.9846001135084659
2010-05-05 15:26:00-04:00,0.40812334396047334,0.43805424388245595,0.9841015448818301
2010-05-05 15:27:00-04:00,0.2718919226460057,0.4448010784818919,0.9838735116413346
2010-05-05 15:28:00-04:00,0.3049592219708508,0.44533903812814596,0.9840165685420261
2010-05-05 15:29:00-04:00,0.6685483622534739,0.4516000468070615,0.9837888181711693
2010-05-05 15:30:00-04:00,0.4190068643779545,0.45177911837237145,0.9834995913687338
2010-05-05 15:31:00-04:00,0.5801223610196454,0.4217015340657337,0.9838587408102636
2010-05-05 15:32:00-04:00,0.6033430899445719,0.41572161926563717,0.9834556057933712
2010-05-05 15:33:00-04:00,0.4181728388360373,0.42255548194874587,0.9829874216440987
2010-05-05 15:34:00-04:00,0.4626019611311398,0.4253807575356238,0.9824283083944133
2010-05-05 15:35:00-04:00,0.5595704285413088,0.4153923345871139,0.982022976823611
2010-05-05 15:36:00-04:00,0.46075788389412836,0.3933813374905946,0.9819472235830037
2010-05-05 15:37:00-04:00,0.5075707403529583,0.3835048369399429,0.9819260311898683
2010-05-05 15:38:00-04:00,0.49349469253889533,0.37785441552865956,0.9823115880475339
2010-05-05 15:39:00-04:00,0.400940953732905,0.3678536180036124,0.982286172847106
2010-05-05 15:40:00-04:00,0.6888840197449234,0.3790960830794311,0.9828495759038897
2010-05-05 15:41:00-04:00,0.5064689744056782,0.3808189229486257,0.9831125222026165
2010-05-05 15:42:00-04:00,0.4549796665333084,0.38575964510678645,0.983430292450537
2010-05-05 15:43:00-04:00,0.625568730070278,0.3905595208025855,0.983769343405522
2010-05-05 15:44:00-04:00,0.7514143889100801,0.36250936764153846,0.9841826731853506
2010-05-05 15:45:00-04:00,0.8055137206972588,0.3811409815785794,0.9834934465306775
2010-05-05 15:46:00-04:00,0.3820306591428355,0.37327323534129586,0.9832918705221767
2010-05-05 15:47:00-04:00,0.40947496804589295,0.35851946399082857,0.9829527829115406
2010-05-05 15:48:00-04:00,0.7405341390301622,0.3543687848833767,0.9829643272384307
2010-05-05 15:49:00-04:00,0.6353103693365642,0.3719719615021264,0.9836074322352663
2010-05-05 15:50:00-04:00,0.4059711470480958,0.36004618827124396,0.9838829252334405
2010-05-05 15:51:00-04:00,0.20936518502798793,0.3535458422006215,0.984035919272845
2010-05-05 15:52:00-04:00,0.653848185461392,0.31571765899449356,0.9844942891659421
2010-05-05 15:53:00-04:00,0.49659136216344885,0.3203082821609021,0.9840236554676959
2010-05-05 15:54:00-04:00,0.6720435489074313,0.3301917724587089,0.984743180380644
2010-05-05 15:55:00-04:00,0.6185307888183231,0.33108518330718006,0.9845740287826844
2010-05-05 15:56:00-04:00,0.6354163835237863,0.3403039563778536,0.9852462437236292
2010-05-05 15:57:00-04:00,0.9079918468009682,0.339829390831794,0.9850876571412266
2010-05-05 15:58:00-04:00,0.4845434560311047,0.35279039665837236,0.9845515326823995
2010-05-05 15:59:00-04:00,0.6007550698219463,0.3443867314449288,0.9846835612809629
2010-05-06 09:30:00-04:00,0.4927491123416349,0.3563276770149859,0.9809940369204267
2010-05-06 09:31:00-04:00,0.37432074723808434,0.3317868635102046,0.9812562960977741
2010-05-06 09:32:00-04:00,0.2523016608265055,0.31526998015046076,0.9813764135729623
2010-05-06 09:33:00-04:00,0.2569794721715982,0.26899914095493205,0.9818658729966001
2010-05-06 09:34:00-04:00,0.17391498503463826,0.2534284605183751,0.982068821606803
2010-05-06 09:35:00-04:00,0.19514482156261123,0.2407292329954925,0.9824885149062063
2010-05-06 09:36:00-04:00,0.26427710282154243,0.22400472616912406,0.9826398119169293
2010-05-06 09:37:00-04:00,0.3468343632694269,0.23626843413411985,0.9816899010396638
2010-05-06 09:38:00-04:00,0.3867727695714188,0.2273336484262603,0.981121679316355
2010-05-06 09:39:00-04:00,0.3855714621311754,0.2209392208723103,0.9813537620567826
2010-05-06 09:40:00-04:00,0.5460678395817551,0.22280017029055207,0.9827228216324688
2010-05-06 09:41:00-04:00,0.5041228304204547,0.21641682347144744,0.9831116236521116
2010-05-06 09:42:00-04:00,0.38001894574244377,0.21301611013189597,0.9823671748040809
2010-05-06 09:43:00-04:00,0.6126931853162336,0.22892154666776288,0.9835921178003251
2010-05-06 09:44:00-04:00,0.6254827084717003,0.22652595308511736,0.9840370981028399
2010-05-06 09:45:00-04:00,0.5278771024435461,0.21339673032838458,0.9839262634608738
2010-05-06 09:46:00-04:00,0.47037823859620176,0.21468720707635577,0.9834371978932167
2010-05-06 09:47:00-04:00,0.41601331140031,0.2139402636924646,0.9827790876286547
2010-05-06 09:48:00-04:00,0.5941497501661507,0.22467802972798465,0.98168769682483
2010-05-06 09:49:00-04:00,0.5254988072983255,0.21704607609653084,0.9817659302172341
2010-05-06 09:50:00-04:00,0.3062723616164757,0.21535352708391692,0.982049015688864
2010-05-06 09:51:00-04:00,0.4786200248804748,0.21525918860811488,0.9815159689240675
2010-05-06 09:52:00-04:00,0.30521580666442144,0.21174651238488074,0.9820397428639723
2010-05-06 09:53:00-04:00,0.6467092037397286,0.21907787439515108,0.980955868982075
2010-05-06 09:54:00-04:00,0.7198112321705012,0.2106444443789584,0.981026365131151
2010-05-06 09:55:00-04:00,0.49411935579955235,0.21605469586669104,0.9816560943430551
2010-05-06 09:56:00-04:00,0.3438335502831776,0.20818523698422275,0.9812238542569326
2010-05-06 09:57:00-04:00,0.4953738944543451,0.20683639423694922,0.9811177472649985
2010-05-06 09:58:00-04:00,0.5325454460565492,0.21612992726246583,0.9821101083809158
2010-05-06 09:59:00-04:00,0.36087119133377754,0.2142070667055407,0.9824844906906357
2010-05-06 10:00:00-04:00,0.2824088706218571,0.17830181996404462,0.9825126171960082
2010-05-06 10:01:00-04:00,0.3610789783887398,0.19154512945271873,0.9830509195447182
2010-05-06 10:02:00-04:00,0.355364005918272,0.196220746925697,0.9835068489506396
2010-05-06 10:03:00-04:00,0.6755608988987972,0.2319282964527711,0.9844537787272222
2010-05-06 10:04:00-04:00,0.4249430089115591,0.2335262831962307,0.9846462775661999
2010-05-06 10:05:00-04:00,0.6252564631179353,0.2396110827855778,0.9846164659027858
2010-05-06 10:06:00-04:00,0.626459110314138,0.2671343533507195,0.9835823755357848
2010-05-06 10:07:00-04:00,0.3599358497929277,0.25895002212749807,0.9834621295004133
2010-05-06 10:08:00-04:00,0.4513416601114635,0.26254974118904345,0.983362197889992
2010-05-06 10:09:00-04:00,0.46645497749992265,0.27385047414881375,0.9829335679224253
2010-05-06 10:10:00-04:00,0.4276349317738705,0.25648815013903337,0.9833954995747209
2010-05-06 10:11:00-04:00,0.5710075534205618,0.26624080836461267,0.9830381044824781
2010-05-06 10:12:00-04:00,0.4071369203056947,0.271217645230183,0.9824796377491369
2010-05-06 10:13:00-04:00,0.3026224191089078,0.24684498148522718,0.982694212746008
2010-05-06 10:14:00-04:00,0.38494802154620433,0.24738479131973518,0.9823989037293152
2010-05-06 10:15:00-04:00,0.617478671438818,0.2550114174970656,0.9822350520994846
2010-05-06 10:16:00-04:00,0.5295498317143145,0.2591070528068289,0.9827861347771742
2010-05-06 10:17:00-04:00,0.2857226321485582,0.25461561638853203,0.9829924894367292
2010-05-06 10:18:00-04:00,0.8089363128099004,0.25476908839174245,0.9840861648878672
2010-05-06 10:19:00-04:00,0.7457743114268554,0.26161122385243896,0.9837678056881456
2010-05-06 10:20:00-04:00,0.6552139826763012,0.26771960389218574,0.9836706928613264
2010-05-06 10:21:00-04:00,0.8297642047242924,0.32629694245190616,0.981974313734246
2010-05-06 10:22:00-04:00,0.703783870864588,0.32750961799124817,0.9822364423134757
2010-05-06 10:23:00-04:00,0.6797545602112297,0.3090996997235581,0.9825464792517175
2010-05-06 10:24:00-04:00,0.33133775176884245,0.3106131606240532,0.9820725316547013
2010-05-06 10:25:00-04:00,0.48817080106008476,0.3162335167110364,0.9811469640439879
2010-05-06 10:26:00-04:00,0.7014356567097362,0.31693749818793143,0.9805700288550283
2010-05-06 10:27:00-04:00,0.4936693176098331,0.3217312318993872,0.9809629764826323
2010-05-06 10:28:00-04:00,0.413149212091034,0.30864704269823523,0.9805163599393243
2010-05-06 10:29:00-04:00,0.48400262439605524,0.32191120754353514,0.9800231162285774
2010-05-06 10:30:00-04:00,0.3849821635783755,0.3220377980389784,0.9798511063256906
2010-05-06 10:31:00-04:00,0.3524226354087131,0.3219366908642283,0.979881558514156
2010-05-06 10:32:00-04:00,0.5489063169678824,0.3287845409237628,0.9802517802889419
2010-05-06 10:33:00-04:00,0.5734092529874707,0.31281382247763573,0.9808394777098013
2010-05-06 10:34:00-04:00,0.5363919141971736,0.3202962658902939,0.9809158715048685
2010-05-06 10:35:00-04:00,0.3537979594308438,0.3202839524876937,0.980404635411629
2010-05-06 10:36:00-04:00,0.5461493823414242,0.3117816413083581,0.9808474007651261
2010-05-06 10:37:00-04:00,0.2876346796916001,0.31707368488207144,0.9810620526221967
2010-05-06 10:38:00-04:00,0.6471971390870908,0.3288829854916533,0.9816714913211458
2010-05-06 10:39:00-04:00,0.4810607921342348,0.32004532805055763,0.9817314700614149
2010-05-06 10:40:00-04:00,0.6256186932907813,0.3153274206524572,0.981857314460267
2010-05-06 10:41:00-04:00,0.723753891737521,0.33736192276056687,0.9809400017864989
2010-05-06 10:42:00-04:00,0.24222231418631482,0.33640726967661316,0.9805897987479875
2010-05-06 10:43:00-04:00,0.7319859934142193,0.3430855392095841,0.9798123915290562
2010-05-06 10:44:00-04:00,0.7713659639444407,0.3490866795415994,0.9791825169406029
2010-05-06 10:45:00-04:00,0.2735055938048749,0.35336151608770067,0.9793204603425267
2010-05-06 10:46:00-04:00,0.4927082633561384,0.3562363516085657,0.9786407663485486
2010-05-06 10:47:00-04:00,0.44276728316320185,0.3577592695157882,0.9786305029810153
2010-05-06 10:48:00-04:00,0.26689775405013944,0.3171035584429631,0.978781348086582
2010-05-06 10:49:00-04:00,0.439857138457577,0.31825100669342465,0.9791449237819739
2010-05-06 10:50:00-04:00,0.22597710289349335,0.31761714231903976,0.9789796782502196
2010-05-06 10:51:00-04:00,0.4845352674071825,0.26255699188363957,0.9796459172009285
2010-05-06 10:52:00-04:00,0.8876228803834653,0.26597573043223605,0.9798960981992926
2010-05-06 10:53:00-04:00,0.7818043108939636,0.27817729609664593,0.9790868982047475
2010-05-06 10:54:00-04:00,0.6225555030670961,0.30073848524589625,0.9781051500526703
2010-05-06 10:55:00-04:00,0.6751825117247817,0.31531574197002826,0.9771202800137407
2010-05-06 10:56:00-04:00,0.6140240274781135,0.31100437583050106,0.9774332572390942
2010-05-06 10:57:00-04:00,0.4690263392981193,0.30500110705784017,0.9776931568569388
2010-05-06 10:58:00-04:00,0.7294812149869427,0.33265768474567636,0.9784863815316367
2010-05-06 10:59:00-04:00,0.621767762287466,0.33132414510466046,0.9786314097332344
2010-05-06 11:00:00-04:00,0.6366493454995609,0.3279779594881809,0.9782825050479964
2010-05-06 11:01:00-04:00,0.8142977613782175,0.3669604241270069,0.9769917995547224
2010-05-06 11:02:00-04:00,0.7674593650691194,0.3627826770893661,0.9767119847193891
2010-05-06 11:03:00-04:00,0.4411682486174459,0.36159413179787403,0.9770469197660646
2010-05-06 11:04:00-04:00,0.5335902053965339,0.36112808120951817,0.9769669991660862
2010-05-06 11:05:00-04:00,0.7835689906007082,0.3792720602393163,0.9761223770676981
2010-05-06 11:06:00-04:00,0.7912652459584133,0.39177641017830234,0.9767756535916046
2010-05-06 11:07:00-04:00,0.748807765763107,0.4140192204025339,0.9777343281055145
2010-05-06 11:08:00-04:00,0.7011796513502833,0.4040391261523134,0.9777341082078532
2010-05-06 11:09:00-04:00,0.7379047830516581,0.4190327844050984,0.9770742607250409
2010-05-06 11:10:00-04:00,0.4622963989168896,0.4218683003219647,0.9766498153897579
2010-05-06 11:11:00-04:00,0.5496157536909315,0.4120856489876283,0.9759873244538736
2010-05-06 11:12:00-04:00,0.20715049873086805,0.4162909537409828,0.9758032541151932
2010-05-06 11:13:00-04:00,0.7008175945085935,0.4208298340741286,0.974772802211015
2010-05-06 11:14:00-04:00,0.5283091185427807,0.4172856541544333,0.9748862743091413
2010-05-06 11:15:00-04:00,0.5791230055998241,0.41857047306065204,0.9741027023530002
2010-05-06 11:16:00-04:00,0.7856756051223343,0.4174220307116113,0.9745623489279495
2010-05-06 11:17:00-04:00,0.15949683208740714,0.4247464594415874,0.9746370163914794
2010-05-06 11:18:00-04:00,0.6688595689253473,0.4303387364146505,0.9751234745956373
2010-05-06 11:19:00-04:00,0.3406150019854333,0.43332004245452793,0.9752415595118265
2010-05-06 11:20:00-04:00,0.6275346712345078,0.45059779315637205,0.975617468250388
2010-05-06 11:21:00-04:00,0.5676680571823908,0.44428737782880895,0.9763005703266664
2010-05-06 11:22:00-04:00,0.43199817368671567,0.4423684152787325,0.9758705813498322
2010-05-06 11:23:00-04:00,0.6119550864910174,0.4393101394361061,0.9764604529738293
2010-05-06 11:24:00-04:00,0.15689020025037645,0.42593057414113267,0.9763539002422179
2010-05-06 11:25:00-04:00,0.5260626436336946,0.4137731512018703,0.9768759973451997
2010-05-06 11:26:00-04:00,0.7804769014567715,0.442645909726463,0.977951607660725
2010-05-06 11:27:00-04:00,0.7784743800894712,0.44252522154583235,0.9776587917969453
2010-05-06 11:28:00-04:00,0.4073627616905832,0.426783345190562,0.9778292895257438
2010-05-06 11:29:00-04:00,0.6321002315837754,0.4310231362452545,0.9772207677492416
2010-05-06 11:30:00-04:00,0.29840679575305423,0.4384353309782874,0.9769927697178005
2010-05-06 11:31:00-04:00,0.5046539015727062,0.4002213693576944,0.976880762485093
2010-05-06 11:32:00-04:00,0.14054019211577026,0.40128313162431783,0.9768402211733314
2010-05-06 11:33:00-04:00,0.5688123054883064,0.3973843768165149,0.9764390111165424
2010-05-06 11:34:00-04:00,0.5687899418323911,0.40302804555790045,0.9757319263250569
2010-05-06 11:35:00-04:00,0.3854648681280922,0.3878588719173764,0.9754091072460926
2010-05-06 11:36:00-04:00,0.3988751543495726,0.36833236107596046,0.9755646255390483
2010-05-06 11:37:00-04:00,0.3900703309150006,0.3338531163867078,0.9755913160891425
2010-05-06 11:38:00-04:00,0.7526101386279762,0.37143311504148224,0.9766125995136133
2010-05-06 11:39:00-04:00,0.818195536419335,0.34877776308139663,0.9765232916937607
2010-05-06 11:40:00-04:00,0.6188120837727122,0.3559907093954196,0.9758826596843176
2010-05-06 11:41:00-04:00,0.13650771328379968,0.34138927299575234,0.9758340880428047
2010-05-06 11:42:00-04:00,0.5814711043980414,0.3467809012656751,0.9752803338593738
2010-05-06 11:43:00-04:00,0.8151355593649068,0.3495666447945312,0.9743889693857002
2010-05-06 11:44:00-04:00,0.8515757183547004,0.38459838190384954,0.9753929145497034
2010-05-06 11:45:00-04:00,0.8907030157771962,0.3869535435799703,0.9746924238747096
2010-05-06 11:46:00-04:00,0.9074705804406672,0.3943752860368595,0.9741273691927186
2010-05-06 11:47:00-04:00,0.3975751622820957,0.39762167706392737,0.974467993147964
2010-05-06 11:48:00-04:00,0.5324603461666013,0.3970222736782202,0.974545898624937
2010-05-06 11:49:00-04:00,0.051399804964847855,0.39881989129160744,0.974297608536769
2010-05-06 11:50:00-04:00,0.7201058113450076,0.39344588086871857,0.9742107186120372
2010-05-06 11:51:00-04:00,0.4910028475832436,0.3905850861320527,0.9746882604498951
2010-05-06 11:52:00-04:00,0.5841987357819695,0.39581164391469054,0.9751379980289843
2010-05-06 11:53:00-04:00,0.586236141995873,0.3993776875206831,0.9757454852980576
2010-05-06 11:54:00-04:00,0.28944712262231936,0.398834134597545,0.9760134484985418
2010-05-06 11:55:00-04:00,0.4641193544628674,0.3953858128774878,0.9761744236669219
2010-05-06 11:56:00-04:00,0.2528895658687631,0.35851781348788125,0.9761312597790045
2010-05-06 11:57:00-04:00,0.45738665333887984,0.3684647943639487,0.9756409430977807
2010-05-06 11:58:00-04:00,0.8255207874340076,0.37661988365723836,0.9759145655516918
2010-05-06 11:59:00-04:00,0.6476016392724964,0.3873240238921471,0.9768360600509505
2010-05-06 12:00:00-04:00,0.3583668464974166,0.3883706105589051,0.9771774117499422
2010-05-06 12:01:00-04:00,0.47046304778247483,0.38838324453164863,0.9773218505274397
2010-05-06 12:02:00-04:00,0.6053428975083595,0.39610373317585795,0.9779414305081823
2010-05-06 12:03:00-04:00,0.9047211916851978,0.39148847600732795,0.9780621070911747
2010-05-06 12:04:00-04:00,0.6195099816019095,0.39008818661558464,0.9774539370581629
2010-05-06 12:05:00-04:00,0.7123084285075277,0.4031270033873612,0.9781555171039006
2010-05-06 12:06:00-04:00,0.6590973086280836,0.42160472375798713,0.9773944161040853
2010-05-06 12:07:00-04:00,0.15049631565798494,0.4224115603342997,0.9772656640604871
2010-05-06 12:08:00-04:00,0.7100030471027997,0.41864726590234136,0.9764430610515035
2010-05-06 12:09:00-04:00,0.7351208478594315,0.42334801373340375,0.976782537722411
2010-05-06 12:10:00-04:00,0.7393984523027319,0.4207009502527278,0.977433279388255
2010-05-06 12:11:00-04:00,0.8365190731536364,0.4501890621959316,0.9785666188425781
2010-05-06 12:12:00-04:00,0.8350897646728379,0.4557585813316855,0.979630850924703
2010-05-06 12:13:00-04:00,0.7185861523841826,0.42836433984724837,0.9794882253098215
2010-05-06 12:14:00-04:00,0.5888329676778293,0.41276749710977684,0.9799308220006034
2010-05-06 12:15:00-04:00,0.9202148536670905,0.3851387349361419,0.9801724732568734
2010-05-06 12:16:00-04:00,0.6545466287363819,0.3815359611150911,0.9795949023883764
2010-05-06 12:17:00-04:00,0.766349253601227,0.39363500190475204,0.9791093708424438
2010-05-06 12:18:00-04:00,0.8432847359041854,0.42557680417741245,0.9782529810320674
2010-05-06 12:19:00-04:00,0.7560234615461203,0.426960307896842,0.9788034372433391
2010-05-06 12:20:00-04:00,0.7257529221671171,0.43103944456336396,0.9793323110780536
2010-05-06 12:21:00-04:00,0.6284697248323565,0.4428872341185115,0.9791943050662851
2010-05-06 12:22:00-04:00,0.42023123597999457,0.4456385656782145,0.9792928855929334
2010-05-06 12:23:00-04:00,0.731543755108431,0.44413069262976607,0.9792555319872768
2010-05-06 12:24:00-04:00,0.6523442765230641,0.4600178389646035,0.9786079333235451
2010-05-06 12:25:00-04:00,0.5476508522960623,0.4657553869198996,0.9780854209992815
2010-05-06 12:26:00-04:00,0.5153120505509527,0.4780525593996537,0.9777362054549742
2010-05-06 12:27:00-04:00,0.28063528995278864,0.472370466721506,0.9778243337788932
2010-05-06 12:28:00-04:00,0.17662372631256826,0.47218919782611374,0.9777013029630163
2010-05-06 12:29:00-04:00,0.6605431481343963,0.4746898476292518,0.9781251490366122
2010-05-06 12:30:00-04:00,0.7615148269624378,0.4875948868504739,0.9787013383142549
2010-05-06 12:31:00-04:00,0.6554761537135095,0.49029025812594584,0.9787132703460627
2010-05-06 12:32:00-04:00,0.551451053573431,0.4886154809325824,0.9787236840311153
2010-05-06 12:33:00-04:00,0.42820078250021937,0.4909616887189627,0.9786472687639053
2010-05-06 12:34:00-04:00,0.7972832107544764,0.4889654439103179,0.9789098778190094
2010-05-06 12:35:00-04:00,0.9281021164466083,0.5275302289912536,0.9775156149167026
2010-05-06 12:36:00-04:00,0.6834309496653206,0.5166245729423161,0.9771722157814438
2010-05-06 12:37:00-04:00,0.43170637670483886,0.5196123771957469,0.9768675173296215
2010-05-06 12:38:00-04:00,0.8273831377640669,0.5036025591782683,0.9768080159730602
2010-05-06 12:39:00-04:00,0.7015304468321343,0.5104704538590191,0.9775298234902372
2010-05-06 12:40:00-04:00,0.21477156617252624,0.5006264363147045,0.9772626103304263
2010-05-06 12:41:00-04:00,0.5583516339696831,0.4673518405202429,0.9774924265870248
2010-05-06 12:42:00-04:00,0.6339049869577792,0.4451507172705005,0.9767827250436409
2010-05-06 12:43:00-04:00,0.4955660522400435,0.45613959639722756,0.9771155619039569
2010-05-06 12:44:00-04:00,0.8406837676887582,0.43972383609343285,0.9770096406303831
2010-05-06 12:45:00-04:00,0.7735637970620096,0.4617603428563873,0.976116545811007
2010-05-06 12:46:00-04:00,0.20221097589795753,0.46203172110910734,0.9761218122825421
2010-05-06 12:47:00-04:00,0.6274926448490767,0.4689683689672368,0.9754259192953901
2010-05-06 12:48:00-04:00,0.6694491962996656,0.4448784095504139,0.9751725433942469
2010-05-06 12:49:00-04:00,0.37108128714457445,0.42474785754438155,0.9751638857701164
2010-05-06 12:50:00-04:00,0.3755347083856958,0.4089613997817441,0.9752383483762945
2010-05-06 12:51:00-04:00,0.3652658072842823,0.4091596439235564,0.9753144384757811
2010-05-06 12:52:00-04:00,0.7102665531544663,0.4296427848704444,0.976089023171246
2010-05-06 12:53:00-04:00,0.8073805722885861,0.43667829838130184,0.9764220870358487
2010-05-06 12:54:00-04:00,0.521140953602999,0.43148208760728596,0.9766482081993848
2010-05-06 12:55:00-04:00,0.8200391948390051,0.43292031799381586,0.9761407977731007
2010-05-06 12:56:00-04:00,0.6914944581539081,0.4285700304827879,0.9759507221681304
2010-05-06 12:57:00-04:00,0.7820839328221493,0.4409164885399542,0.9765968090366066
2010-05-06 12:58:00-04:00,0.6697638916774755,0.4486495076408059,0.9760408070947373
2010-05-06 12:59:00-04:00,0.841473713707624,0.4863764842193127,0.977201067506881
2010-05-06 13:00:00-04:00,0.9146075091894336,0.4763082467420763,0.9777196373692099
2010-05-06 13:01:00-04:00,0.6257917000889299,0.4751699309860595,0.9773554003165968
2010-05-06 13:02:00-04:00,0.606348904661143,0.4695126251429229,0.9771214177570502
2010-05-06 13:03:00-04:00,0.6625732959955803,0.48342051099770994,0.9764350195088968
2010-05-06 13:04:00-04:00,0.653831840185083,0.4953916252769826,0.9771077175428772
2010-05-06 13:05:00-04:00,0.9090252249665393,0.4491612823757803,0.9770398007589863
2010-05-06 13:06:00-04:00,0.6140196716187173,0.4568314034498245,0.9766016909594982
2010-05-06 13:07:00-04:00,0.7727111033305331,0.47713715875444407,0.9756007999110592
2010-05-06 13:08:00-04:00,0.8274523575831021,0.4819276972442218,0.9758132002806569
2010-05-06 13:09:00-04:00,0.8277229367231274,0.4791979765010234,0.9762586357408517
2010-05-06 13:10:00-04:00,0.8808081343682328,0.48078060153761354,0.9760576646386591
2010-05-06 13:11:00-04:00,0.9295754574245625,0.5225807289648327,0.9746441396635533
2010-05-06 13:12:00-04:00,0.7686378108741985,0.5180773564403875,0.9741207356227909
2010-05-06 13:13:00-04:00,0.5203813123007902,0.5148404398736637,0.9739184173041388
2010-05-06 13:14:00-04:00,0.7419738639735887,0.5195334734156927,0.9733432456059485
2010-05-06 13:15:00-04:00,0.33699394376095193,0.5089990415567791,0.9734071775450156
2010-05-06 13:16:00-04:00,0.42390578184524114,0.5024446965261651,0.9731798907373107
2010-05-06 13:17:00-04:00,0.3322918933443916,0.490356774117078,0.9728230339082694
2010-05-06 13:18:00-04:00,0.6258078484955241,0.488545311438872,0.9726699014985025
2010-05-06 13:19:00-04:00,0.6953310057102836,0.5009591980888631,0.9730280372834179
2010-05-06 13:20:00-04:00,0.4865343622853475,0.5047872865733034,0.9726035340233466
2010-05-06 13:21:00-04:00,0.46262161563279425,0.5084998229494514,0.9728977797876996
2010-05-06 13:22:00-04:00,0.4923941401988518,0.49127100438310284,0.9726010132684593
2010-05-06 13:23:00-04:00,0.6469799557210519,0.48824235423093915,0.9719732447468776
2010-05-06 13:24:00-04:00,0.7676314513187157,0.4830353139860139,0.9716747236516633
2010-05-06 13:25:00-04:00,0.6131672377100552,0.4937028987611526,0.9721617283226619
2010-05-06 13:26:00-04:00,0.25793073102399305,0.4900141877992094,0.972391595183124
2010-05-06 13:27:00-04:00,0.44267724870464836,0.47157014449142326,0.9724324396741397
2010-05-06 13:28:00-04:00,0.4954716351273796,0.4592250576016429,0.9724494813015492
2010-05-06 13:29:00-04:00,0.7613898862941036,0.43680418248742264,0.9734087253611182
2010-05-06 13:30:00-04:00,0.7229657140064436,0.4343762651372445,0.9729672247720423
2010-05-06 13:31:00-04:00,0.2967794761897608,0.4368274876887376,0.9730919891481886
2010-05-06 13:32:00-04:00,0.6271482010340845,0.43581226726258365,0.9730520032056248
2010-05-06 13:33:00-04:00,0.6629909450858295,0.4309515046397467,0.972466301687733
2010-05-06 13:34:00-04:00,0.31259080013562557,0.41221682977866664,0.9725756888780176
2010-05-06 13:35:00-04:00,0.7649251273974883,0.4060826085546522,0.9723986982276541
2010-05-06 13:36:00-04:00,0.684969646459229,0.4186053795782404,0.9713951851869549
2010-05-06 13:37:00-04:00,0.1740659947906587,0.3951778833102477,0.9713442648081603
2010-05-06 13:38:00-04:00,0.4856065586876306,0.38773618660853315,0.9707900319548513
2010-05-06 13:39:00-04:00,0.27217485036070377,0.37083392425526296,0.9709308507437627
2010-05-06 13:40:00-04:00,0.5692828757623897,0.3724669858953453,0.9701801053609544
2010-05-06 13:41:00-04:00,0.45400377736564346,0.31231662925798437,0.9704663525011203
2010-05-06 13:42:00-04:00,0.257066487670626,0.3096171717122415,0.970650588268527
2010-05-06 13:43:00-04:00,0.15817675006718865,0.309237384105799,0.9707160966709112
2010-05-06 13:44:00-04:00,0.5080524577765672,0.3057293349849613,0.9711210729309826
2010-05-06 13:45:00-04:00,0.6990311808271763,0.30644354722794404,0.9714945943239842
2010-05-06 13:46:00-04:00,0.19197431205716906,0.3025009028468576,0.9714643136358966
2010-05-06 13:47:00-04:00,0.7775857560967736,0.2988331211546913,0.9718167476497269
2010-05-06 13:48:00-04:00,0.7669218329004339,0.3279167141473858,0.9709672267118277
2010-05-06 13:49:00-04:00,0.20414038466416667,0.32541095349411436,0.9707606486088691
2010-05-06 13:50:00-04:00,0.16571733480056036,0.3182482198164743,0.9708149694176935
2010-05-06 13:51:00-04:00,0.596428719564358,0.319535037852081,0.9711483448648731
2010-05-06 13:52:00-04:00,0.5503740810605214,0.31387274794564507,0.970918106627534
2010-05-06 13:53:00-04:00,0.5859271251793581,0.3032916508559068,0.9709431757021865
2010-05-06 13:54:00-04:00,0.39752322360686704,0.30003083322372315,0.9705470543111089
2010-05-06 13:55:00-04:00,0.7526634394956487,0.29285603335308996,0.9700226605467939
2010-05-06 13:56:00-04:00,0.7989748213920178,0.35281079579139146,0.9686077228169268
2010-05-06 13:57:00-04:00,0.769609117515222,0.3923831727566037,0.9696415133046715
2010-05-06 13:58:00-04:00,0.6731960899108,0.39315658839985385,0.9695590336367018
2010-05-06 13:59:00-04:00,0.4613452977882955,0.3575524461051216,0.9690989102415868
2010-05-06 14:00:00-04:00,0.7310986689302365,0.38731935339403,0.9700674506500717
2010-05-06 14:01:00-04:00,0.7562300722004591,0.38570021747477473,0.970165614320134
2010-05-06 14:02:00-04:00,0.639495237352913,0.38971404232030654,0.9695686675022667
2010-05-06 14:03:00-04:00,0.7200351887355577,0.39053433446089336,0.9691418879498612
2010-05-06 14:04:00-04:00,0.5951622420100112,0.3952766099205712,0.9683964056614748
2010-05-06 14:05:00-04:00,0.7558296318106498,0.3977291284579786,0.9685010960328938
2010-05-06 14:06:00-04:00,0.825470346046897,0.4191305397673514,0.96714491846174
2010-05-06 14:07:00-04:00,0.7160403282897871,0.4443392376384784,0.9680192934517009
2010-05-06 14:08:00-04:00,0.958171904567666,0.466115250124886,0.9668231757520602
2010-05-06 14:09:00-04:00,0.485877688873071,0.4711787901125729,0.966214693374146
2010-05-06 14:10:00-04:00,0.9295966344072167,0.48503133064370235,0.9652017009169018
2010-05-06 14:11:00-04:00,0.9693210247140683,0.547662708210566,0.9632738074608378
2010-05-06 14:12:00-04:00,0.8627946893199766,0.5932721416042038,0.964879338227768
2010-05-06 14:13:00-04:00,0.7966783043653912,0.6040684075038606,0.9657578675081744
2010-05-06 14:14:00-04:00,0.690162163781295,0.5926378397227678,0.9654807354795801
2010-05-06 14:15:00-04:00,0.5043496025041478,0.5808791618843246,0.9652340696837208
2010-05-06 14:16:00-04:00,0.8678034912243471,0.5891336994453689,0.9640552945796251
2010-05-06 14:17:00-04:00,0.9035629256223898,0.6200730580336326,0.9619496662069421
2010-05-06 14:18:00-04:00,0.2585844918788639,0.611546836517208,0.9622605338823763
2010-05-06 14:19:00-04:00,0.8745857592052111,0.6115890424118512,0.960839695214392
2010-05-06 14:20:00-04:00,0.8937493196282943,0.6498219249294708,0.9579194882573955
2010-05-06 14:21:00-04:00,0.9341286424201022,0.6352736478339075,0.9561722181895586
2010-05-06 14:22:00-04:00,0.8829745964113008,0.6730073758050948,0.9583190604747412
2010-05-06 14:23:00-04:00,0.33954128191767796,0.6655942043547338,0.9586332131244644
2010-05-06 14:24:00-04:00,0.8817515369162876,0.6960435334666712,0.9608832253265672
2010-05-06 14:25:00-04:00,0.8649431883680179,0.6861735011863753,0.9609741232326467
2010-05-06 14:26:00-04:00,0.4562900854599062,0.6845438261627163,0.9615825815064123
2010-05-06 14:27:00-04:00,0.9557389514571244,0.6733952079804446,0.9609935876283829
2010-05-06 14:28:00-04:00,0.8515886983407321,0.6812221686927326,0.9594993199412616
2010-05-06 14:29:00-04:00,0.6925753310946755,0.6755743521474098,0.9591672136192099
2010-05-06 14:30:00-04:00,0.8437060796902146,0.6723643919134962,0.9578054772853553
2010-05-06 14:31:00-04:00,0.6100357098496505,0.6676283236071282,0.9571247221825125
2010-05-06 14:32:00-04:00,0.643418136005771,0.6609224294643823,0.9560844951515117
2010-05-06 14:33:00-04:00,0.6754785812305638,0.6649151469356449,0.9568963586118469
2010-05-06 14:34:00-04:00,0.8123461372773011,0.6612005045720895,0.9554588281783097
2010-05-06 14:35:00-04:00,0.8558660508327682,0.6506473573768212,0.9535302540458417
2010-05-06 14:36:00-04:00,0.85704336092426,0.6699694460566974,0.950056239596619
2010-05-06 14:37:00-04:00,0.599934932941224,0.6516898789778085,0.9504954749359885
2010-05-06 14:38:00-04:00,0.8200151173263464,0.6456647814997711,0.9511773604607839
2010-05-06 14:39:00-04:00,0.9291484406530502,0.7105040517069099,0.9452825822874987
2010-05-06 14:40:00-04:00,0.95580759355698,0.7014065329525017,0.944359613309264
2010-05-06 14:41:00-04:00,0.7316793350026288,0.6941150704669009,0.9454580161298474
2010-05-06 14:42:00-04:00,0.7817938610387722,0.6945923803330941,0.9400804130230587
2010-05-06 14:43:00-04:00,0.7300200932778939,0.652130591463799,0.9359498489438541
2010-05-06 14:44:00-04:00,0.8890036126405898,0.5697904563157979,0.9334802449808142
2010-05-06 14:45:00-04:00,0.9303698485211067,0.5665741378036838,0.9332371138822642
2010-05-06 14:46:00-04:00,0.8688148555148711,0.5712526685787138,0.9335220914422045
2010-05-06 14:47:00-04:00,0.5291871517174395,0.5507365722611837,0.9341515168646697
2010-05-06 14:48:00-04:00,0.43764641071926397,0.4858341548005663,0.9351861024310509
2010-05-06 14:49:00-04:00,0.14085699947638608,0.45093607200327357,0.9341186687468865
2010-05-06 14:50:00-04:00,0.7712578813050018,0.43216562017661125,0.9366471306219275
2010-05-06 14:51:00-04:00,0.6033238199591182,0.42286737139343833,0.9426280254396032
2010-05-06 14:52:00-04:00,0.20464076272142812,0.3904709778956346,0.9446753338488655
2010-05-06 14:53:00-04:00,0.5323603316936143,0.3981451691687392,0.9483227296407032
2010-05-06 14:54:00-04:00,0.5645821321214152,0.37042200705962286,0.9433942644526025
2010-05-06 14:55:00-04:00,0.4670659665209505,0.3683127717846707,0.9453740974379589
2010-05-06 14:56:00-04:00,0.26409854116212944,0.3564480937800966,0.9472563397531795
2010-05-06 14:57:00-04:00,0.7295268547982343,0.35750620302065644,0.9490025992291283
2010-05-06 14:58:00-04:00,0.6400229000909116,0.3556407404841929,0.945444464066688
2010-05-06 14:59:00-04:00,0.4348133886189008,0.3529621833510258,0.9430476465590492
2010-05-06 15:00:00-04:00,0.7474012162802021,0.36242864480316483,0.9371717426658097
2010-05-06 15:01:00-04:00,0.7145271471835504,0.37573269290501987,0.9422884950180298
2010-05-06 15:02:00-04:00,0.42388999391680626,0.3743558886232389,0.9448475386791596
2010-05-06 15:03:00-04:00,0.571442063436925,0.38309119079868814,0.9482732614829484
2010-05-06 15:04:00-04:00,0.42851891825357386,0.37509105196340886,0.9472783014323846
2010-05-06 15:05:00-04:00,0.648737110833604,0.38033922503815276,0.9506405685367957
2010-05-06 15:06:00-04:00,0.6140607956681992,0.3704927779279595,0.9501481041185199
2010-05-06 15:07:00-04:00,0.647506811903163,0.37217390469823075,0.952329475722564
2010-05-06 15:08:00-04:00,0.8765906794271924,0.37207040211897013,0.9547469032713578
2010-05-06 15:09:00-04:00,0.3256955110649303,0.3421931867327937,0.9530591902824885
2010-05-06 15:10:00-04:00,0.8568681107807274,0.3402160263949659,0.9538040026585878
2010-05-06 15:11:00-04:00,0.9314486676521785,0.3858829710209504,0.9462076058368382
2010-05-06 15:12:00-04:00,0.7920467873873279,0.3638509675441577,0.9477324969861065
2010-05-06 15:13:00-04:00,0.6121382228435336,0.35239657675023667,0.9488516297978947
2010-05-06 15:14:00-04:00,0.44244062416756846,0.3606947139182737,0.9473862347505217
2010-05-06 15:15:00-04:00,0.23199817795051159,0.3591268830546277,0.947712571013597
2010-05-06 15:16:00-04:00,0.5547191644545416,0.3578708371347608,0.949121683346221
2010-05-06 15:17:00-04:00,0.8493657077400021,0.3691450931330235,0.9517277269628214
2010-05-06 15:18:00-04:00,0.8951473150780879,0.40766995496389147,0.947277301216643
2010-05-06 15:19:00-04:00,0.7152793222872291,0.41756342678297853,0.9444553137377423
2010-05-06 15:20:00-04:00,0.6131917608375657,0.42896821175685057,0.9418077373868466
2010-05-06 15:21:00-04:00,0.8691539312144984,0.4315756774662604,0.9414807326247725
2010-05-06 15:22:00-04:00,0.38631687096155337,0.4508633637168098,0.942651155307968
2010-05-06 15:23:00-04:00,0.3805979900385342,0.45290642970638617,0.9418810259592955
2010-05-06 15:24:00-04:00,0.33991748783463693,0.47103442306809745,0.9415098586733571
2010-05-06 15:25:00-04:00,0.5566273056412947,0.47911733869886886,0.940119225941487
2010-05-06 15:26:00-04:00,0.7673378342772884,0.48551161374887747,0.9395115599997086
2010-05-06 15:27:00-04:00,0.7317177173918541,0.4901866444600701,0.9406432627611795
2010-05-06 15:28:00-04:00,0.7324011973098206,0.4891875307836618,0.9407126721487884
2010-05-06 15:29:00-04:00,0.8431919012042952,0.5017413846597228,0.9446670193732061
2010-05-06 15:30:00-04:00,0.8564465088200287,0.49941617889006,0.9485829059700264
2010-05-06 15:31:00-04:00,0.6341775393011766,0.49594268481753867,0.9483550860806569
2010-05-06 15:32:00-04:00,0.5392741171283912,0.5065358143728188,0.9470761063045564
2010-05-06 15:33:00-04:00,0.6622924696201685,0.49969257423740365,0.9470075894149843
2010-05-06 15:34:00-04:00,0.7644271033131739,0.5207974656554564,0.9493136224552491
2010-05-06 15:35:00-04:00,0.864096663918504,0.5265413980198502,0.9515973872130137
2010-05-06 15:36:00-04:00,0.7903029498789418,0.5388652011766996,0.9511930060001662
2010-05-06 15:37:00-04:00,0.5886036337884388,0.5447082652611684,0.9496152060286972
2010-05-06 15:38:00-04:00,0.47255683811644955,0.5510239589287573,0.9497700553199139
2010-05-06 15:39:00-04:00,0.03214293972947366,0.5729234821265884,0.9498113530655921
2010-05-06 15:40:00-04:00,0.5511349065941757,0.5761881368574642,0.9495354846540778
2010-05-06 15:41:00-04:00,0.7415478288114582,0.49346206160029943,0.9513680259050259
2010-05-06 15:42:00-04:00,0.44476700480135345,0.509368609871875,0.9522442625397984
2010-05-06 15:43:00-04:00,0.7022035773615365,0.5185592007985411,0.9536646589284199
2010-05-06 15:44:00-04:00,0.4768506721349719,0.5178104159666399,0.9529474506415251
2010-05-06 15:45:00-04:00,0.5696832115757606,0.5243601061328558,0.9539613131920363
2010-05-06 15:46:00-04:00,0.3817265962181627,0.5280948374290861,0.9534464727044994
2010-05-06 15:47:00-04:00,0.8291006380870357,0.5289864232739487,0.9558333827475477
2010-05-06 15:48:00-04:00,0.8165921286338181,0.4966625010579263,0.9595811515753085
2010-05-06 15:49:00-04:00,0.720030208227934,0.46571400908899796,0.9591053973916939
2010-05-06 15:50:00-04:00,0.694284384549223,0.4539557238677959,0.9575687923225262
2010-05-06 15:51:00-04:00,0.5452581108415055,0.4687727038988915,0.9564811737316885
2010-05-06 15:52:00-04:00,0.3610538289430534,0.4801718014243045,0.9570421838252439
2010-05-06 15:53:00-04:00,0.7877669173754104,0.4794304735185876,0.9582212598985229
2010-05-06 15:54:00-04:00,0.9149141823488366,0.48490942862921355,0.9581963556939196
2010-05-06 15:55:00-04:00,0.8703252232166913,0.4883203969583546,0.9570158189054235
2010-05-06 15:56:00-04:00,0.895384262885536,0.5377496134299774,0.9537756400327975
2010-05-06 15:57:00-04:00,0.675303772237956,0.5409981958728145,0.9531914295954441
2010-05-06 15:58:00-04:00,0.5362983164505319,0.5438192163944848,0.9533040786802409
2010-05-06 15:59:00-04:00,0.4705243154694629,0.5388200540642022,0.9516420940456728
2010-05-07 09:30:00-04:00,0.2356540743711101,0.44975934510541665,0.949873928671496
2010-05-07 09:31:00-04:00,0.31560615375950807,0.44868109209442053,0.9482967430947884
2010-05-07 09:32:00-04:00,0.4996486437564207,0.4446609959486358,0.947194966549331
2010-05-07 09:33:00-04:00,0.749793443870395,0.4449350569815821,0.9472599976003638
2010-05-07 09:34:00-04:00,0.6654619615087686,0.4371341423180774,0.9495483604082818
2010-05-07 09:35:00-04:00,0.26099497194097987,0.4085793633720706,0.9485938702968162
2010-05-07 09:36:00-04:00,0.4281230620636675,0.40776339673073203,0.9487831170009758
2010-05-07 09:37:00-04:00,0.6137783137048288,0.40491418774462085,0.9502412828017428
2010-05-07 09:38:00-04:00,0.7639524191008564,0.4127198319727119,0.9538015800768619
2010-05-07 09:39:00-04:00,0.6098037192117751,0.4121708287377804,0.954154943902394
2010-05-07 09:40:00-04:00,0.1893653629169866,0.4079420712654751,0.9536749264249067
2010-05-07 09:41:00-04:00,0.5219693314633902,0.39870084303531267,0.9546983434393923
2010-05-07 09:42:00-04:00,0.5309081874734618,0.3992550572416872,0.9554686662496352
2010-05-07 09:43:00-04:00,0.6217891098036634,0.395600397662509,0.9564213934809515
2010-05-07 09:44:00-04:00,0.8790594781653585,0.39277658996131665,0.9565235915097555
2010-05-07 09:45:00-04:00,0.738141352298335,0.39572861833092915,0.9548652385963593
2010-05-07 09:46:00-04:00,0.6126134901499217,0.40303256646922075,0.9524381579646369
2010-05-07 09:47:00-04:00,0.8003880849762212,0.3861447204488942,0.9522460844669043
2010-05-07 09:48:00-04:00,0.8237256497004372,0.3594966580039555,0.9541602191928661
2010-05-07 09:49:00-04:00,0.6646085455121287,0.37478388855447464,0.9522759507735951
2010-05-07 09:50:00-04:00,0.8732994364505011,0.40383918323334667,0.9547988508730187
2010-05-07 09:51:00-04:00,0.834854632316596,0.40045983692530324,0.9542004980521892
2010-05-07 09:52:00-04:00,0.4050922281495497,0.39569881546856533,0.9539555125702017
2010-05-07 09:53:00-04:00,0.7971413415182838,0.3906158882321556,0.9522926756913677
2010-05-07 09:54:00-04:00,0.7273123178990702,0.39731427682809073,0.9505898822790496
2010-05-07 09:55:00-04:00,0.7348910939708133,0.3986259091539538,0.9490343322949055
2010-05-07 09:56:00-04:00,0.6783683364993423,0.3665609657857163,0.9504585924166328
2010-05-07 09:57:00-04:00,0.7024881783390341,0.3659383790581629,0.9502785201753692
2010-05-07 09:58:00-04:00,0.6634624679961267,0.37160553496817816,0.9490204197017871
2010-05-07 09:59:00-04:00,0.5238075251526451,0.3681148049861488,0.9481649911066062
2010-05-07 10:00:00-04:00,0.41396863968215014,0.4195006687696328,0.9474002125078396
2010-05-07 10:01:00-04:00,0.8093902499604863,0.4472911170589039,0.945299992609427
2010-05-07 10:02:00-04:00,0.7372818439848206,0.4474846247318519,0.9457178993125561
2010-05-07 10:03:00-04:00,0.7731178910466189,0.4540290724991785,0.9444810380578008
2010-05-07 10:04:00-04:00,0.9346323131114567,0.4682775650032035,0.9411003847271846
2010-05-07 10:05:00-04:00,0.8113246669069375,0.4816370020573894,0.9419234024529864
2010-05-07 10:06:00-04:00,0.8641190976511159,0.49764789753642136,0.9438128428589226
2010-05-07 10:07:00-04:00,0.9157663558903452,0.5521347151893027,0.9477251790929918
2010-05-07 10:08:00-04:00,0.923574850330742,0.548191770870026,0.9476054816993923
2010-05-07 10:09:00-04:00,0.7621411141583404,0.5607874790385632,0.945838719036693
2010-05-07 10:10:00-04:00,0.2526608216094995,0.5652790644274411,0.9455293355898315
2010-05-07 10:11:00-04:00,0.6857776935084529,0.5719540382792019,0.9437748951904087
2010-05-07 10:12:00-04:00,0.8419906131059376,0.576258569498815,0.9454820258449455
2010-05-07 10:13:00-04:00,0.8741214479845828,0.5911071739422976,0.947647478077678
2010-05-07 10:14:00-04:00,0.814214557383042,0.6059435399323283,0.944713567189654
2010-05-07 10:15:00-04:00,0.5860348447377819,0.6039855100779644,0.944496292983166
2010-05-07 10:16:00-04:00,0.4923676765166653,0.6077554449025084,0.9445906540946077
2010-05-07 10:17:00-04:00,0.6723489292615238,0.613997038767565,0.943116166880736
2010-05-07 10:18:00-04:00,0.4748230816812585,0.602280709236767,0.9424489704386669
2010-05-07 10:19:00-04:00,0.6976749827165082,0.5978223287981513,0.9419560629129176
2010-05-07 10:20:00-04:00,0.9216523357525128,0.5955770982432187,0.9388344685037625
2010-05-07 10:21:00-04:00,0.843091231299348,0.6010028733190712,0.9395823034799562
2010-05-07 10:22:00-04:00,0.5776756531992456,0.6061995950572876,0.9400177136297074
2010-05-07 10:23:00-04:00,0.6685634315585562,0.6042417612525882,0.9389584054124419
2010-05-07 10:24:00-04:00,0.8950196407365741,0.6166157477280886,0.9361843585347814
2010-05-07 10:25:00-04:00,0.7708315792174245,0.6207534950139051,0.9342632767144122
2010-05-07 10:26:00-04:00,0.6607703318406413,0.6196273865196846,0.9325191325635337
2010-05-07 10:27:00-04:00,0.791681014143603,0.6303958343212803,0.9298929603837429
2010-05-07 10:28:00-04:00,0.8650460621329086,0.6077365562228026,0.9277622190722813
2010-05-07 10:29:00-04:00,0.8655635888958186,0.6033693999272313,0.9298195127703865
2010-05-07 10:30:00-04:00,0.7983271040861382,0.6266203960413148,0.9332415729974004
2010-05-07 10:31:00-04:00,0.8112901940157317,0.6249312579345733,0.9344855436476582
2010-05-07 10:32:00-04:00,0.7416554972071653,0.6281155445626282,0.932149570140341
2010-05-07 10:33:00-04:00,0.7318465803115106,0.6296812700390663,0.931712108441209
2010-05-07 10:34:00-04:00,0.6344604705799605,0.6169316168676514,0.9306988900944743
2010-05-07 10:35:00-04:00,0.9333647031312772,0.6187606351721905,0.9317723063669873
2010-05-07 10:36:00-04:00,0.8704183910919701,0.6356763387130934,0.934766243047853
2010-05-07 10:37:00-04:00,0.5946931316925597,0.6036436447748447,0.9362082787324677
2010-05-07 10:38:00-04:00,0.8448702152015594,0.6140606409724876,0.9382350848228393
2010-05-07 10:39:00-04:00,0.5308594669191485,0.6088868237062285,0.9382150214500101
2010-05-07 10:40:00-04:00,0.648127754238743,0.6113319204957554,0.9386519624383921
2010-05-07 10:41:00-04:00,0.7642885957950286,0.6087032928716588,0.9376776540693555
2010-05-07 10:42:00-04:00,0.7255159459860298,0.6073855286066977,0.9355614377664474
2010-05-07 10:43:00-04:00,0.840887232546866,0.6006627101117367,0.9330248713115284
2010-05-07 10:44:00-04:00,0.9171764353559583,0.5884028697556594,0.9321864371933104
2010-05-07 10:45:00-04:00,0.7997053617311629,0.5992081247060596,0.9341302137523531
2010-05-07 10:46:00-04:00,0.38704472934144923,0.6011350610832367,0.933489642631798
2010-05-07 10:47:00-04:00,0.8013310604656981,0.5995715128052247,0.9337763279248769
2010-05-07 10:48:00-04:00,0.7627140628103328,0.6098482189138338,0.9355107150526972
2010-05-07 10:49:00-04:00,0.6738570481529297,0.6154893622548053,0.9363243439103274
2010-05-07 10:50:00-04:00,0.8666095982306342,0.6027144773820516,0.9340048435877352
2010-05-07 10:51:00-04:00,0.9418660359017209,0.6144630648723404,0.9361469099138707
2010-05-07 10:52:00-04:00,0.7514159640983161,0.6123550094353734,0.9369872816104636
2010-05-07 10:53:00-04:00,0.7608202792704868,0.6191999228007596,0.9380589955541843
2010-05-07 10:54:00-04:00,0.7960124293151855,0.6018199963088177,0.9390041786284641
2010-05-07 10:55:00-04:00,0.4874810362164405,0.5863750004248682,0.9379330600073713
2010-05-07 10:56:00-04:00,0.6108139226502872,0.5843970672974172,0.9389010064596204
2010-05-07 10:57:00-04:00,0.7798112156822311,0.5729053596446957,0.9373548404026438
2010-05-07 10:58:00-04:00,0.4191860458760397,0.5774765199354089,0.9377580392025617
2010-05-07 10:59:00-04:00,0.759407802711997,0.6096069464063737,0.9361716375426736
2010-05-07 11:00:00-04:00,0.7825078465106884,0.5902073264657991,0.9372628591377697
2010-05-07 11:01:00-04:00,0.7027797999798965,0.595192774289337,0.9385946557670395
2010-05-07 11:02:00-04:00,0.6768859357268264,0.5779756861218837,0.9373798723470994
2010-05-07 11:03:00-04:00,0.7693834409373173,0.5879664089770381,0.9358576240411254
2010-05-07 11:04:00-04:00,0.8464456611163674,0.5814063616043098,0.936877722618531
2010-05-07 11:05:00-04:00,0.9453715470897579,0.6181545158676909,0.9398239249850043
2010-05-07 11:06:00-04:00,0.9576026897192216,0.5961994931345503,0.9411301461266675
2010-05-07 11:07:00-04:00,0.9647007982990516,0.6308246640003833,0.9378580322494817
2010-05-07 11:08:00-04:00,0.9792623827062577,0.6448143640094846,0.9403138155756336
2010-05-07 11:09:00-04:00,0.9431198623295763,0.6668378124101593,0.9428948055888774
2010-05-07 11:10:00-04:00,0.7755994897633325,0.6712902205314842,0.944168223422337
2010-05-07 11:11:00-04:00,0.6210220150550496,0.6708673470054878,0.9435094029279062
2010-05-07 11:12:00-04:00,0.37765108565077304,0.6638605577056635,0.943873218186427
2010-05-07 11:13:00-04:00,0.23605192569116368,0.6435807226894505,0.9441003732632401
2010-05-07 11:14:00-04:00,0.27234687315865214,0.6408019558051773,0.944175540997438
2010-05-07 11:15:00-04:00,0.6789855594237545,0.6417011020362251,0.9460914591870129
2010-05-07 11:16:00-04:00,0.771589185892269,0.61944908253391,0.9475373212871003
2010-05-07 11:17:00-04:00,0.20674478786829617,0.624568344196288,0.9478752900061561
2010-05-07 11:18:00-04:00,0.657541498040393,0.5990537105673847,0.9470737967876799
2010-05-07 11:19:00-04:00,0.19178237626367237,0.5931789987069255,0.9471315524249501
2010-05-07 11:20:00-04:00,0.7910698217432164,0.5694430338144109,0.9474765565104684
2010-05-07 11:21:00-04:00,0.7685733838150094,0.5777591092635616,0.9452814638257647
2010-05-07 11:22:00-04:00,0.8020477863538901,0.5916697126415528,0.9470941830685135
2010-05-07 11:23:00-04:00,0.8349780517761528,0.5948932298528278,0.9461695604240433
2010-05-07 11:24:00-04:00,0.4868852150065989,0.594380013921603,0.9455463912382291
2010-05-07 11:25:00-04:00,0.8581669965453678,0.6165487042470973,0.9435977595635667
2010-05-07 11:26:00-04:00,0.4306356650302203,0.618280996616669,0.9439593156557495
2010-05-07 11:27:00-04:00,0.7915609768019336,0.6183528414231014,0.9421683215810123
2010-05-07 11:28:00-04:00,0.8627958604906761,0.632246453722151,0.9441007434157195
2010-05-07 11:29:00-04:00,0.9002535584673003,0.6340697444738521,0.942202865686852
2010-05-07 11:30:00-04:00,0.5646152706888445,0.6366803486237118,0.9419504531894501
2010-05-07 11:31:00-04:00,0.7716870945950228,0.6440710819971741,0.939785775937564
2010-05-07 11:32:00-04:00,0.9478127373505182,0.6345637317434255,0.9401340923472676
2010-05-07 11:33:00-04:00,0.8358781893922452,0.6376133253412819,0.9421343349653689
2010-05-07 11:34:00-04:00,0.7246252362819703,0.6473096713096761,0.9403777428493636
2010-05-07 11:35:00-04:00,0.696918051761828,0.6219582574021125,0.940579995740622
2010-05-07 11:36:00-04:00,0.7197378611292349,0.6194278188325281,0.9416564846302155
2010-05-07 11:37:00-04:00,0.512125231889235,0.5832785944748087,0.9416674124241777
2010-05-07 11:38:00-04:00,0.7158636049121518,0.5637031959292631,0.9405724685881008
2010-05-07 11:39:00-04:00,0.6583800199774237,0.5269797102808984,0.9412695767363909
2010-05-07 11:40:00-04:00,0.5872758446821947,0.5236671008721533,0.9421903007369387
2010-05-07 11:41:00-04:00,0.3653732644999749,0.5229328960527382,0.9422498334173062
2010-05-07 11:42:00-04:00,0.9384942904387767,0.5384998076933588,0.9438894818618286
2010-05-07 11:43:00-04:00,0.7978084298760812,0.542989083768843,0.9447722799503725
2010-05-07 11:44:00-04:00,0.8501157199788643,0.5502349488652455,0.9456441694189497
2010-05-07 11:45:00-04:00,0.9426177054910821,0.5572755801577853,0.9473600196221135
2010-05-07 11:46:00-04:00,0.37930814467641866,0.5668933237405858,0.9467816924151197
2010-05-07 11:47:00-04:00,0.9131783439741207,0.5886237455075015,0.9489758955391895
2010-05-07 11:48:00-04:00,0.974803337142992,0.6239438619033442,0.9501150204465538
2010-05-07 11:49:00-04:00,0.9489937725716827,0.6346111351020732,0.9490513744057351
2010-05-07 11:50:00-04:00,0.9306438859305015,0.6628809510570851,0.9462479507724447
2010-05-07 11:51:00-04:00,0.8946900571005846,0.6720217458530012,0.944565178775206
2010-05-07 11:52:00-04:00,0.9205012480139593,0.6659871240688638,0.945959692411371
2010-05-07 11:53:00-04:00,0.821728824411438,0.6695648592735638,0.947002317001595
2010-05-07 11:54:00-04:00,0.21746829190577,0.6735548192293789,0.9470751762826873
2010-05-07 11:55:00-04:00,0.7487635305421534,0.6616136677158573,0.9468476290956929
2010-05-07 11:56:00-04:00,0.6418494018100077,0.6684159290419944,0.9460756020671957
2010-05-07 11:57:00-04:00,0.48184654758233403,0.6643989130102396,0.9454980857372104
2010-05-07 11:58:00-04:00,0.9395930992069998,0.6579511491459629,0.9466604672367963
2010-05-07 11:59:00-04:00,0.9776008433429283,0.6458450249929577,0.9470229690058933
2010-05-07 12:00:00-04:00,0.9198736160135172,0.6861051408676533,0.9440479562532311
2010-05-07 12:01:00-04:00,0.895600981752368,0.6943609228280427,0.9464564259076073
2010-05-07 12:02:00-04:00,0.6332841190174108,0.707615534576666,0.9456261555244819
2010-05-07 12:03:00-04:00,0.9344346627595577,0.7225013338780959,0.9480779798725002
2010-05-07 12:04:00-04:00,0.8211414051050119,0.7157578247165608,0.9478818157847901
2010-05-07 12:05:00-04:00,0.6207981217743277,0.7135384536279755,0.9483132390012607
2010-05-07 12:06:00-04:00,0.20494745229803552,0.7197932395105154,0.9483809237924338
2010-05-07 12:07:00-04:00,0.8186239052676517,0.7236700928068015,0.9496443166708756
2010-05-07 12:08:00-04:00,0.7303063276308255,0.7202491144043341,0.9501888770039787
2010-05-07 12:09:00-04:00,0.7177581278469136,0.7285300986738941,0.9508790320981165
2010-05-07 12:10:00-04:00,0.8267279038385175,0.7292856415854672,0.9503686789639959
2010-05-07 12:11:00-04:00,0.3803796604745785,0.736601696598887,0.949933750638169
2010-05-07 12:12:00-04:00,0.5197372661778367,0.7324321447916291,0.9492344624592858
2010-05-07 12:13:00-04:00,0.8212483461429757,0.7342864945902997,0.9500207014658124
2010-05-07 12:14:00-04:00,0.7775917608204467,0.7286959372819221,0.951592844318343
2010-05-07 12:15:00-04:00,0.7718400916682859,0.7164421159683518,0.9522714803616603
2010-05-07 12:16:00-04:00,0.8222504252258004,0.7194044750407851,0.9526065571338699
2010-05-07 12:17:00-04:00,0.882177836008078,0.7053894946631157,0.9527242361889505
2010-05-07 12:18:00-04:00,0.8558262597228359,0.6998641298992826,0.9519002243079054
2010-05-07 12:19:00-04:00,0.5042591180274683,0.7029068389252501,0.9514108705643946
2010-05-07 12:20:00-04:00,0.5340159019537726,0.6668898168662852,0.9507139807749262
2010-05-07 12:21:00-04:00,0.4013725902311885,0.6482015898900911,0.9503391769244266
2010-05-07 12:22:00-04:00,0.808663783537861,0.6495427967836946,0.951488295109582
2010-05-07 12:23:00-04:00,0.9345209043746798,0.6547519663203221,0.9505361141641473
2010-05-07 12:24:00-04:00,0.905786794718084,0.684770030646484,0.948097364675075
2010-05-07 12:25:00-04:00,0.4706453505771806,0.6841420097358808,0.9476209205239203
2010-05-07 12:26:00-04:00,0.914018377760931,0.7011277669009048,0.9456989482895453
2010-05-07 12:27:00-04:00,0.8957851018923315,0.7052759140804229,0.9446827861091251
2010-05-07 12:28:00-04:00,0.6743112888237566,0.696094726060705,0.9447425706278624
2010-05-07 12:29:00-04:00,0.4593856305784305,0.6955521730928946,0.9450981375247383
2010-05-07 12:30:00-04:00,0.20167067362932603,0.6524639291453489,0.9450593421510134
2010-05-07 12:31:00-04:00,0.7046413021658017,0.6166135544800758,0.9445725615277749
2010-05-07 12:32:00-04:00,0.8497737171120717,0.6409450351905995,0.9420777321078965
2010-05-07 12:33:00-04:00,0.9095372615119655,0.5841749162493096,0.9419218753220541
2010-05-07 12:34:00-04:00,0.7892033383014112,0.5866636453693242,0.9423411523940154
2010-05-07 12:35:00-04:00,0.895055490247898,0.6223433906391901,0.9444371384899546
2010-05-07 12:36:00-04:00,0.8744809687571337,0.6347561680410049,0.942793472890368
2010-05-07 12:37:00-04:00,0.970501045920747,0.6350582858881532,0.9438408267869284
2010-05-07 12:38:00-04:00,0.9653785323262418,0.6653655263444382,0.94562050542074
2010-05-07 12:39:00-04:00,0.9227148958602519,0.6767697468268306,0.9437114871947996
2010-05-07 12:40:00-04:00,0.9045059147467861,0.6976694632228537,0.9455964100131923
2010-05-07 12:41:00-04:00,0.7782218737619538,0.6989759940516923,0.94540800366978
2010-05-07 12:42:00-04:00,0.428811879840959,0.6976178927686993,0.9458625327250887
2010-05-07 12:43:00-04:00,0.8743511661367014,0.6958816413399077,0.9457501863872175
2010-05-07 12:44:00-04:00,0.8872177962412678,0.7033833481085314,0.9440880547429752
2010-05-07 12:45:00-04:00,0.9281538886653766,0.7148052398478101,0.9451031300230076
2010-05-07 12:46:00-04:00,0.8758815055000587,0.7165416446064821,0.9458189194654807
2010-05-07 12:47:00-04:00,0.7076732500418476,0.719003257703645,0.9451513081605629
2010-05-07 12:48:00-04:00,0.657302458474793,0.7255468033490026,0.9444244533200924
2010-05-07 12:49:00-04:00,0.8287488044523229,0.7305062515967643,0.9454129348270797
2010-05-07 12:50:00-04:00,0.7839782572352685,0.7338611173213727,0.9462823122567291
2010-05-07 12:51:00-04:00,0.8803904391042547,0.7370499247886068,0.9468541260626219
2010-05-07 12:52:00-04:00,0.9674698246353851,0.7408512354665047,0.9451598219550945
2010-05-07 12:53:00-04:00,0.9657948023373828,0.7531030399181414,0.943465702058401
2010-05-07 12:54:00-04:00,0.7992569991825519,0.745060194760996,0.9444520082340447
2010-05-07 12:55:00-04:00,0.7956789116581555,0.7498664318896964,0.9435579106336978
2010-05-07 12:56:00-04:00,0.7948626911967628,0.7386550379661586,0.9442508761252915
2010-05-07 12:57:00-04:00,0.2596825694899356,0.7355225559698189,0.9442635210833017
2010-05-07 12:58:00-04:00,0.5575888488757927,0.7407237768855485,0.9446288154227138
2010-05-07 12:59:00-04:00,0.9024026951578297,0.7530413915606003,0.9429915788915259
2010-05-07 13:00:00-04:00,0.9110569316207426,0.7557611623787254,0.9433158983463119
2010-05-07 13:01:00-04:00,0.8875341374182982,0.7574361229088765,0.944592468851594
2010-05-07 13:02:00-04:00,0.42178246362451693,0.7450858098287503,0.9441557164595471
2010-05-07 13:03:00-04:00,0.7851658752928831,0.7522930264194935,0.9448045108072757
2010-05-07 13:04:00-04:00,0.8271918681412685,0.7597339008826237,0.9437840027366786
2010-05-07 13:05:00-04:00,0.14344575648786032,0.7470856569238947,0.9436568225500426
2010-05-07 13:06:00-04:00,0.5654113820722432,0.7399569965427135,0.943068983919638
2010-05-07 13:07:00-04:00,0.30135341173606117,0.7384382809332464,0.9432985709368364
2010-05-07 13:08:00-04:00,0.8505925549215941,0.7201397440270607,0.9420079891839483
2010-05-07 13:09:00-04:00,0.8781195726873547,0.689557668225707,0.9405446660832092
2010-05-07 13:10:00-04:00,0.592058389582221,0.6677933869425247,0.9413375712033285
2010-05-07 13:11:00-04:00,0.48025727938237545,0.6661008322323192,0.9405928835972531
2010-05-07 13:12:00-04:00,0.6383321272160789,0.6653937225218145,0.9395799468603249
2010-05-07 13:13:00-04:00,0.914456976730226,0.6651143842863966,0.939753002710695
2010-05-07 13:14:00-04:00,0.7112901804651282,0.6495778631202921,0.9401788584092348
2010-05-07 13:15:00-04:00,0.8385647017418627,0.651130316352014,0.9419970466751884
2010-05-07 13:16:00-04:00,0.9065539756825233,0.6727733099385804,0.9438192165401755
2010-05-07 13:17:00-04:00,0.8436047509929442,0.674050661353012,0.9422976230295417
2010-05-07 13:18:00-04:00,0.4262240545967945,0.6679616758793683,0.9422424081430985
2010-05-07 13:19:00-04:00,0.7466920228299108,0.6673574374377729,0.9414857181913298
2010-05-07 13:20:00-04:00,0.8818912897433522,0.6610317005170789,0.9409577244083661
2010-05-07 13:21:00-04:00,0.6893153705230548,0.6621142973475362,0.941708403767216
2010-05-07 13:22:00-04:00,0.47830051388905614,0.646819583864256,0.9420760923960887
2010-05-07 13:23:00-04:00,0.8031170158924278,0.6301798602501422,0.9413671035210754
2010-05-07 13:24:00-04:00,0.9346533161424208,0.6217062916083118,0.9408118496502652
2010-05-07 13:25:00-04:00,0.8861702679325442,0.6286619668523203,0.9418970848081629
2010-05-07 13:26:00-04:00,0.8013985525528469,0.6308126849015722,0.9407930757411993
2010-05-07 13:27:00-04:00,0.7867140363841012,0.6367339741131599,0.9416521658633535
2010-05-07 13:28:00-04:00,0.8322423561302409,0.6350605185904329,0.940950594623599
2010-05-07 13:29:00-04:00,0.9293881301658112,0.6214484986890719,0.9401560034975068
2010-05-07 13:30:00-04:00,0.7620751218817167,0.6244526313217162,0.9408035976027349
2010-05-07 13:31:00-04:00,0.6426974602092977,0.609398628477693,0.9407982703477245
2010-05-07 13:32:00-04:00,0.8607178794805315,0.6178813009389315,0.9416916475347529
2010-05-07 13:33:00-04:00,0.7592993173563204,0.6225814683093317,0.9424938398304238
2010-05-07 13:34:00-04:00,0.7913834403153913,0.6211436752943863,0.9433795796956693
2010-05-07 13:35:00-04:00,0.6687042939239524,0.6242010773607608,0.9432463926114033
2010-05-07 13:36:00-04:00,0.5925574765681569,0.6233258979943772,0.9429945540462202
2010-05-07 13:37:00-04:00,0.7618729945806743,0.6300510513270542,0.9420930813910915
2010-05-07 13:38:00-04:00,0.8485881573190176,0.619964255433063,0.9419437178416783
2010-05-07 13:39:00-04:00,0.8863203009572291,0.6206337393992342,0.9426969633289892
2010-05-07 13:40:00-04:00,0.886234233061691,0.6479606177752575,0.944306794948117
2010-05-07 13:41:00-04:00,0.7971310213678051,0.6449008158924346,0.9447719683225687
2010-05-07 13:42:00-04:00,0.4945818361420652,0.6380588108511003,0.9452563735445204
2010-05-07 13:43:00-04:00,0.47090574722032225,0.6330199760991425,0.9453237537297114
2010-05-07 13:44:00-04:00,0.6218870626735861,0.6322932979875282,0.9459004740859667
2010-05-07 13:45:00-04:00,0.8705048334623141,0.6283143650024836,0.9459376926556616
2010-05-07 13:46:00-04:00,0.5066705958465428,0.5992171326211506,0.9453389189720569
2010-05-07 13:47:00-04:00,0.5384429812348451,0.566426900899992,0.9453883736033211
2010-05-07 13:48:00-04:00,0.4180644726324616,0.5744757865452917,0.9453067809870185
2010-05-07 13:49:00-04:00,0.8219420775586883,0.5608185650095643,0.9459967973122545
2010-05-07 13:50:00-04:00,0.8793384812005818,0.6012764269862438,0.944319790644928
2010-05-07 13:51:00-04:00,0.7327824238681864,0.6011754254741758,0.9449464166958184
2010-05-07 13:52:00-04:00,0.8512082388171052,0.6018395141812866,0.9445046668764799
2010-05-07 13:53:00-04:00,0.20635291335442893,0.5941147384040519,0.9445529923169969
2010-05-07 13:54:00-04:00,0.8255573706099246,0.5961820472595466,0.9436820127524308
2010-05-07 13:55:00-04:00,0.7869052914588185,0.5858935099145006,0.9430372491242728
2010-05-07 13:56:00-04:00,0.024606817939945503,0.5667436774817893,0.9429709575037885
2010-05-07 13:57:00-04:00,0.6886396751142125,0.55587398430542,0.9430761071386391
2010-05-07 13:58:00-04:00,0.7902154142429995,0.5489659551984194,0.9438333225330474
2010-05-07 13:59:00-04:00,0.6632278177093904,0.5542636822245596,0.942931700066375
2010-05-07 14:00:00-04:00,0.49436062875113845,0.5475252571793249,0.9434803954105535
2010-05-07 14:01:00-04:00,0.4558956805784655,0.5490065262610435,0.943231591335657
2010-05-07 14:02:00-04:00,0.35049749956128806,0.5352962746498836,0.9433147376028886
2010-05-07 14:03:00-04:00,0.6008859339640868,0.5246290219878892,0.9434238530337816
2010-05-07 14:04:00-04:00,0.7298637532939378,0.5317454681418651,0.9424169132699131
2010-05-07 14:05:00-04:00,0.8018835203532461,0.5329870862097013,0.9428453413876748
2010-05-07 14:06:00-04:00,0.9296351628729691,0.5402742520562624,0.9434956880742541
2010-05-07 14:07:00-04:00,0.9151325958139345,0.5688601795918988,0.941937078469986
2010-05-07 14:08:00-04:00,0.41256716600120613,0.566085404457752,0.9419917169434621
2010-05-07 14:09:00-04:00,0.7326785396309885,0.5670363118758576,0.9411398251820389
2010-05-07 14:10:00-04:00,0.36727195944262875,0.5246906053521038,0.9408128204981646
2010-05-07 14:11:00-04:00,0.858844086369938,0.5356414981642588,0.9395003427026972
2010-05-07 14:12:00-04:00,0.8612018842141086,0.5318746021629133,0.939325490311833
2010-05-07 14:13:00-04:00,0.6668404296884505,0.5402124829975662,0.9386482842271773
2010-05-07 14:14:00-04:00,0.9864051130070375,0.5323561929756642,0.9388466240074028
2010-05-07 14:15:00-04:00,0.8965565752684521,0.5887809636076894,0.9407974981822542
2010-05-07 14:16:00-04:00,0.43331353253450444,0.5899187538680729,0.9402819496556571
2010-05-07 14:17:00-04:00,0.6574186850398972,0.5967438154603846,0.9408934988766642
2010-05-07 14:18:00-04:00,0.8630567193337083,0.6042835480657937,0.9415268038503976
2010-05-07 14:19:00-04:00,0.7562557181063775,0.5983509135750683,0.9416418107068526
2010-05-07 14:20:00-04:00,0.7259974502425638,0.5759365920120562,0.9410207109414958
2010-05-07 14:21:00-04:00,0.5514758774536966,0.5717007386250159,0.940828322143353
2010-05-07 14:22:00-04:00,0.757683517859443,0.5847162390964813,0.9414793659493906
2010-05-07 14:23:00-04:00,0.9714053574634929,0.5861938973945785,0.9412865125456827
2010-05-07 14:24:00-04:00,0.9426153100823333,0.6331791576813746,0.9392467544143732
2010-05-07 14:25:00-04:00,0.8441705844950369,0.6604916170884662,0.9371615761055517
2010-05-07 14:26:00-04:00,0.8945530808246863,0.6483500696002296,0.9372187351896281
2010-05-07 14:27:00-04:00,0.5862882477426055,0.6556735716234624,0.9379071849126058
2010-05-07 14:28:00-04:00,0.6288667993625269,0.6533982137999543,0.9371260130659312
2010-05-07 14:29:00-04:00,0.7803587193997472,0.6517386521780509,0.9368606391479585
2010-05-07 14:30:00-04:00,0.795900994494454,0.6544220646571672,0.9368759040488792
2010-05-07 14:31:00-04:00,0.5000952218946868,0.660338645119486,0.9372937860892292
2010-05-07 14:32:00-04:00,0.7194340190990414,0.6661034516564283,0.9370845868711792
2010-05-07 14:33:00-04:00,0.7857988332522625,0.6708999189448556,0.9379336922053911
2010-05-07 14:34:00-04:00,0.3284624221419581,0.6682440564894603,0.9379987951967279
2010-05-07 14:35:00-04:00,0.48685330380001945,0.6669322525441715,0.9383291192533999
2010-05-07 14:36:00-04:00,0.5370713643877344,0.6607001507946543,0.9378341055562072
2010-05-07 14:37:00-04:00,0.8478490693856802,0.6431020408050181,0.9377478416609534
2010-05-07 14:38:00-04:00,0.8203685768230615,0.6541386559682562,0.9387260474988647
2010-05-07 14:39:00-04:00,0.7978274071908774,0.6555036201303573,0.9393906396656931
2010-05-07 14:40:00-04:00,0.16116303670445392,0.6557599174042477,0.939456563303559
2010-05-07 14:41:00-04:00,0.7097946677862356,0.6501289770150147,0.9401858958051923
2010-05-07 14:42:00-04:00,0.6350287497214095,0.6498279811980714,0.9404960898164222
2010-05-07 14:43:00-04:00,0.5279204264051527,0.6406305258786146,0.9409906886617906
2010-05-07 14:44:00-04:00,0.6400849829729444,0.6242079326847103,0.940699434546023
2010-05-07 14:45:00-04:00,0.3385700503397528,0.5889548173610644,0.9403404821034547
2010-05-07 14:46:00-04:00,0.8346468683436548,0.5869037588555629,0.9406969105911344
2010-05-07 14:47:00-04:00,0.8453578297259411,0.5970050354878259,0.9395177913206578
2010-05-07 14:48:00-04:00,0.6207327497104727,0.5896659844706088,0.9390905466082278
2010-05-07 14:49:00-04:00,0.22528189480555857,0.5899920952137845,0.938867533058054
2010-05-07 14:50:00-04:00,0.43844696375183984,0.5886638949678227,0.9382958962171644
2010-05-07 14:51:00-04:00,0.7555136432205672,0.5860646721436309,0.9374625083294893
2010-05-07 14:52:00-04:00,0.842517324568843,0.5778802454024284,0.9379312992152005
2010-05-07 14:53:00-04:00,0.6072987410664852,0.5791717380609097,0.9382839864809467
2010-05-07 14:54:00-04:00,0.6409527314789686,0.5191777959353856,0.9379345040936732
2010-05-07 14:55:00-04:00,0.27212112425012674,0.4231727933479259,0.9380958206674557
2010-05-07 14:56:00-04:00,0.8152732723368638,0.43048430296663986,0.9381624322567762
2010-05-07 14:57:00-04:00,0.8464981175075642,0.45787807179470164,0.9394300394217646
2010-05-07 14:58:00-04:00,0.5810138558168856,0.4448225474382945,0.9394238405016822
2010-05-07 14:59:00-04:00,0.8491135238380616,0.44493489520517493,0.9396477381825725
2010-05-07 15:00:00-04:00,0.9296690611946907,0.5397633119092142,0.9377795771008878
2010-05-07 15:01:00-04:00,0.9160223086576119,0.5607044938922586,0.9391310946689727
2010-05-07 15:02:00-04:00,0.9058057358835769,0.5544240834763868,0.9389863898884422
2010-05-07 15:03:00-04:00,0.8733044158448161,0.5743073470586394,0.9376494202563379
2010-05-07 15:04:00-04:00,0.5542232832280477,0.5677359457630144,0.9378665390253433
2010-05-07 15:05:00-04:00,0.5619035919074504,0.5672648319929644,0.9386030120902127
2010-05-07 15:06:00-04:00,0.8919337536468948,0.5650143204050548,0.9384239564737268
2010-05-07 15:07:00-04:00,0.8822434702191372,0.6012885140457227,0.9364739309173148
2010-05-07 15:08:00-04:00,0.6660049883677712,0.5930586049250601,0.9371403785713868
2010-05-07 15:09:00-04:00,0.7505459616631314,0.597462006243936,0.9355086579583034
2010-05-07 15:10:00-04:00,0.8474438146818838,0.5964981568120576,0.935033362624519
2010-05-07 15:11:00-04:00,0.5457792192650119,0.5661838784521982,0.9353926698830961
2010-05-07 15:12:00-04:00,0.7320410810100096,0.5647078536692777,0.9345524063286633
2010-05-07 15:13:00-04:00,0.6082809311405171,0.5663412174494236,0.9352884923131446
2010-05-07 15:14:00-04:00,0.4590179093382384,0.5807019909195468,0.9347232636451751
2010-05-07 15:15:00-04:00,0.6187755467109064,0.5771767156629937,0.934079256742884
2010-05-07 15:16:00-04:00,0.9618869542983958,0.5694769814183589,0.9344180182756097
2010-05-07 15:17:00-04:00,0.9736759217183201,0.6438440692778932,0.9371386089402458
2010-05-07 15:18:00-04:00,0.6430071907492164,0.6407896521957704,0.9363101627887792
2010-05-07 15:19:00-04:00,0.8689771776849325,0.6595260505357762,0.9379602394227157
2010-05-07 15:20:00-04:00,0.8576782293480846,0.6489992044063552,0.9382256044271391
2010-05-07 15:21:00-04:00,0.512773411593293,0.6430050700245444,0.9380323946483785
2010-05-07 15:22:00-04:00,0.7185667705263292,0.6412988904930951,0.9385003100743075
2010-05-07 15:23:00-04:00,0.016721347547420887,0.6342655324670551,0.9385078902548005
2010-05-07 15:24:00-04:00,0.7382165633422269,0.6316236314546744,0.9387807142735833
2010-05-07 15:25:00-04:00,0.5917761114505345,0.6299240160923906,0.9380004844249866
2010-05-07 15:26:00-04:00,0.19074287138773433,0.6298674365451601,0.9380904598099131
2010-05-07 15:27:00-04:00,0.658531153492923,0.619642614214054,0.9376729561762138
2010-05-07 15:28:00-04:00,0.7333886180007362,0.6253644887620752,0.936788807642734
2010-05-07 15:29:00-04:00,0.31268436839257324,0.6229822835820747,0.9364940600746388
2010-05-07 15:30:00-04:00,0.8250834163325205,0.6060433371819145,0.9353301006284057
2010-05-07 15:31:00-04:00,0.5258048749533125,0.5883255367596979,0.9348997810695578
2010-05-07 15:32:00-04:00,0.7505622412477242,0.6043420670037888,0.9332412143813279
2010-05-07 15:33:00-04:00,0.9761413656995619,0.595715508788512,0.9329338994216548
2010-05-07 15:34:00-04:00,0.820378641389321,0.60777499239828,0.9340326973696879
2010-05-07 15:35:00-04:00,0.6121057944325393,0.6083836563721376,0.9344485387461224
2010-05-07 15:36:00-04:00,0.4530921129197511,0.6079826217068931,0.9350129822611934
2010-05-07 15:37:00-04:00,0.3172067076243102,0.5871497567383541,0.9347529461816079
2010-05-07 15:38:00-04:00,0.657097005007661,0.585084728508302,0.9342199790477864
2010-05-07 15:39:00-04:00,0.9659137173060262,0.5727401091358161,0.9343526133031987
2010-05-07 15:40:00-04:00,0.9135272419125323,0.6135896628441825,0.9365566322586877
2010-05-07 15:41:00-04:00,0.8995934710721608,0.6432692711173112,0.9380930777963807
2010-05-07 15:42:00-04:00,0.8935671617940747,0.6376240821833978,0.9381488974190543
2010-05-07 15:43:00-04:00,0.7491109914563755,0.6496543684423358,0.9369080776227151
2010-05-07 15:44:00-04:00,0.3380794635685001,0.6446768364111299,0.9371165482286333
2010-05-07 15:45:00-04:00,0.5506864589327689,0.6452560931215348,0.9363814452780523
2010-05-07 15:46:00-04:00,0.8933157403773935,0.6525122785520662,0.9356377142278637
2010-05-07 15:47:00-04:00,0.9260262780956844,0.6071561720367622,0.9370702935032038
2010-05-07 15:48:00-04:00,0.9355337156326536,0.6246989407073719,0.9384229149363081
2010-05-07 15:49:00-04:00,0.7378453133415351,0.6091730396457573,0.9374422263442133
2010-05-07 15:50:00-04:00,0.40258424044697677,0.6112860492713303,0.937454210154598
2010-05-07 15:51:00-04:00,0.5202256115854573,0.62247973539761,0.9369428545987969
2010-05-07 15:52:00-04:00,0.7592009272616215,0.6216649051010494,0.9367647629196802
2010-05-07 15:53:00-04:00,0.35479024624935773,0.6303485835342562,0.9368173488171455
2010-05-07 15:54:00-04:00,0.930414087724588,0.6358357653570862,0.9362124653764331
2010-05-07 15:55:00-04:00,0.9282037975108605,0.6660593476983369,0.9384154370469256
2010-05-07 15:56:00-04:00,0.8264200745572391,0.6700610128037371,0.939357557415596
2010-05-07 15:57:00-04:00,0.5702918140957505,0.669815286224773,0.940180890686333
2010-05-07 15:58:00-04:00,0.8275257119201399,0.6584001020319535,0.9401444674262441
2010-05-07 15:59:00-04:00,0.7080596905529091,0.6683742024279754,0.9385567401391698
